event_id,timestamp,heart_rate,total_elapsed_time,altitude,total_distance,avg_running_cadence,total_calories,avg_speed,max_speed,total_ascent,total_descent,max_heart_rate
1,2017-09-21 21:25:38+00:00,151,21.952883333333332,185.7333333333333,4.82802,80.0,249.0,4.423796345972084,15.4836,152.0,149.0,159.0
2,2017-09-22 17:37:07+00:00,152,22.268516666666667,183.86666666666667,4.82802,81.0,307.0,4.601139786571355,14.9472,188.0,189.0,168.0
3,2017-09-23 14:04:49+00:00,161,57.90793333333333,174.67619047619047,13.002559999999999,82.42857142857143,797.0,4.4680385605778214,22.9104,512.0,564.0,179.0
4,2017-09-24 15:43:13+00:00,149,80.82798333333334,185.46,16.0934,81.1,927.0,4.792645620447141,14.7816,458.0,525.0,170.0
5,2017-09-25 23:47:33+00:00,158,22.377033333333333,178.60000000000002,4.82802,83.0,320.0,4.58054173932868,14.7816,226.0,223.0,170.0
6,2017-09-27 23:54:36+00:00,161,59.092200000000005,169.13333333333333,8.74274,82.88888888888889,395.0,4.044173219295106,21.1284,115.0,181.0,178.0
7,2017-09-29 23:34:28+00:00,151,19.257266666666666,173.28000000000003,4.39907,80.8,249.0,4.461922522797576,18.6084,73.0,165.0,163.0
8,2017-09-30 15:59:42+00:00,154,27.510733333333334,179.7,6.43736,81.5,390.0,4.279117935260947,17.4996,142.0,160.0,170.0
9,2017-10-01 13:11:26+00:00,152,15.742600000000001,189.90000000000003,3.21868,82.5,193.0,4.976124722264767,20.9268,464.0,440.0,170.0
10,2017-10-01 13:35:34+00:00,168,16.875999999999998,186.6666666666667,4.63315,83.0,264.0,3.6562861696186806,20.120400000000004,199.0,192.0,173.0
11,2017-10-01 14:23:03+00:00,141,15.8383,197.5,3.21868,83.0,203.0,4.989976384936758,14.544,187.0,182.0,146.0
12,2017-10-03 16:18:26+00:00,144,30.895733333333332,182.35,6.43736,81.0,410.0,4.757158650997961,14.04,293.0,207.0,170.0
13,2017-10-04 23:56:21+00:00,151,63.497949999999996,175.43636363636367,10.351569999999999,81.86363636363636,562.0,4.953131508574027,33.5556,225.0,259.0,175.0
14,2017-10-05 23:01:02+00:00,136,31.54413333333333,181.52,6.17527,81.4,343.0,4.983522344654148,16.794,85.0,106.0,145.0
15,2017-10-06 18:18:27+00:00,138,23.537016666666666,179.0666666666667,4.82802,81.33333333333333,279.0,4.876862560660154,19.7496,105.0,122.0,153.0
16,2017-10-07 13:02:26+00:00,142,80.15155,196.2,13.053139999999999,81.8,743.0,4.768198837552212,24.1164,803.0,952.0,175.0
17,2017-10-08 13:00:09+00:00,124,52.66016666666667,189.05,4.422770000000001,82.75,262.0,5.937409134256614,16.1568,222.0,243.0,176.0
18,2017-10-10 20:57:32+00:00,148,43.846016666666664,182.33333333333331,9.65604,81.33333333333333,566.0,4.520941144716831,16.4592,331.0,289.0,167.0
19,2017-10-11 23:54:34+00:00,151,65.80936666666666,175.8181818181818,10.392280000000001,79.27272727272727,574.0,5.07501786522828,22.3056,244.0,288.0,177.0
20,2017-10-12 20:22:53+00:00,137,46.82788333333333,183.5333333333333,9.65604,81.0,518.0,4.8487078860569355,15.4188,234.0,222.0,154.0
21,2017-10-13 18:03:17+00:00,111,13.581833333333334,191.3,2.39067,81.0,150.0,4.791356819923026,19.08,50.0,85.0,166.0
22,2017-10-15 13:43:35+00:00,164,57.71758333333333,173.42222222222222,14.48406,81.22222222222223,893.0,4.0763102858519655,20.6244,279.0,282.0,171.0
23,2017-10-16 23:45:21+00:00,161,20.639599999999998,175.13333333333333,4.82802,80.66666666666667,293.0,4.161537605456684,19.818,154.0,184.0,165.0
24,2017-10-19 00:09:32+00:00,158,54.994350000000004,174.49166666666667,10.93412,78.41666666666667,631.0,4.941839725011181,21.4308,198.0,220.0,185.0
25,2017-10-20 23:27:56+00:00,138,33.484433333333335,170.54999999999998,6.43736,79.5,397.0,5.088360960670847,15.786,209.0,173.0,156.0
26,2017-10-21 13:50:04+00:00,163,49.696133333333336,182.81333333333333,11.09416,81.13333333333334,701.0,4.227942009571249,18.9108,288.0,279.0,178.0
27,2017-10-22 14:37:28+00:00,146,82.17609999999999,189.2888888888889,14.48406,80.44444444444444,859.0,4.925350395363779,16.9308,500.0,539.0,173.0
28,2017-10-23 23:44:40+00:00,156,20.66303333333333,165.1,4.98997,80.5,313.0,4.278752229091888,18.6444,124.0,196.0,162.0
29,2017-10-25 23:55:30+00:00,158,48.031,168.64545454545453,9.428120000000002,80.5,513.0,4.7830939871218465,24.1848,142.0,279.0,183.0
30,2017-10-27 16:03:02+00:00,144,23.258683333333334,165.39999999999998,4.82802,80.33333333333333,295.0,4.784274398054094,15.1488,115.0,123.0,198.0
31,2017-10-28 18:05:09+00:00,170,14.529950000000001,156.0,3.21868,80.5,212.0,4.8513230230055,14.7456,485.0,468.0,181.0
32,2017-10-29 11:55:53+00:00,149,16.7712,182.4,3.21868,82.0,207.0,5.238376773961499,12.7296,127.0,127.0,177.0
33,2017-10-29 12:42:14+00:00,174,12.192083333333333,180.9,3.21868,82.0,203.0,4.18841016220352,20.5236,314.0,343.0,178.0
35,2017-10-30 23:44:11+00:00,144,90.46246666666666,183.6,13.24514,80.7,760.0,4.9377096603581885,21.096,470.0,492.0,170.0
36,2017-11-01 23:42:22+00:00,152,13.6613,198.1,3.21868,80.5,198.0,4.345216831051503,19.3464,205.0,225.0,164.0
37,2017-11-03 19:01:39+00:00,151,73.95994999999999,180.42,16.0934,80.7,982.0,4.505893588761903,21.7332,599.0,583.0,165.0
38,2017-11-05 17:28:08+00:00,162,48.290949999999995,175.22857142857143,11.10097,82.0,704.0,4.330055490213313,21.6324,288.0,324.0,172.0
39,2017-11-09 01:08:43+00:00,157,60.83823333333333,176.24285714285716,12.46982,81.14285714285714,696.0,4.218829681434244,24.2856,348.0,350.0,174.0
40,2017-11-09 20:41:47+00:00,147,30.531766666666666,173.8,6.43736,79.5,387.0,4.777083422780272,15.8544,175.0,339.0,190.0
41,2017-11-11 20:43:29+00:00,150,46.905766666666665,164.73333333333338,9.65604,80.83333333333333,615.0,4.783474448420827,18.1044,273.0,274.0,165.0
42,2017-11-12 22:04:14+00:00,166,49.80193333333333,134.5,12.87472,81.5,784.0,3.873392101241816,18.9468,473.0,403.0,172.0
43,2017-11-14 00:43:58+00:00,159,94.67346666666667,178.96,16.0934,81.8,987.0,4.848782638869308,28.0152,437.0,516.0,180.0
44,2017-11-16 00:57:05+00:00,166,32.00523333333334,174.13846153846154,6.95239,81.61538461538461,394.0,4.158229824943029,22.104,153.0,215.0,175.0
45,2017-11-18 23:24:12+00:00,156,33.732416666666666,186.0,6.43736,79.5,400.0,4.802574745340454,22.2048,250.0,321.0,170.0
46,2017-11-21 00:46:29+00:00,160,44.09521666666667,178.5333333333333,9.65604,80.66666666666667,614.0,4.3486829504796045,33.858,238.0,279.0,201.0
47,2017-11-23 00:23:57+00:00,153,6.823016666666666,170.79999999999995,1.60934,82.0,100.0,4.454773302543598,23.4792,34.0,56.0,201.0
49,2017-11-23 15:05:15+00:00,168,17.1046,199.26666666666665,4.82802,82.66666666666667,262.0,3.5421224397659072,23.1768,79.0,79.0,176.0
50,2017-11-23 15:27:14+00:00,94,5.4135,196.4,0.73738,81.0,49.0,4.625655244472682,14.31,20.0,11.0,160.0
51,2017-11-24 22:54:46+00:00,148,44.86378333333334,208.4,9.65604,80.66666666666667,586.0,4.656679899957875,18.342,265.0,279.0,196.0
52,2017-11-30 01:02:15+00:00,116,13.154716666666667,179.89999999999998,2.41212,80.5,136.0,4.3492063585988685,14.4792,36.0,49.0,171.0
53,2017-11-30 01:21:19+00:00,170,3.8363,176.6,1.2772000000000001,86.0,62.0,3.0241213836713707,20.6568,13.0,15.0,174.0
55,2017-12-05 00:41:43+00:00,163,19.934649999999998,170.4,4.82802,81.0,304.0,4.145609047184459,20.5236,233.0,273.0,169.0
56,2017-12-09 01:23:43+00:00,155,76.72321666666667,190.24,16.0934,81.4,1035.0,4.582915352556701,19.515600000000003,646.0,643.0,169.0
57,2017-12-10 22:18:57+00:00,147,45.186883333333334,173.72000000000003,8.0467,80.2,471.0,4.712247347660715,20.8584,180.0,187.0,170.0
58,2017-12-12 00:45:07+00:00,161,37.871383333333334,183.96,8.0467,82.4,491.0,4.436113980365585,20.3904,152.0,161.0,170.0
59,2017-12-16 20:13:33+00:00,159,35.7292,167.36,8.0467,80.8,513.0,4.386614582249432,21.5316,295.0,338.0,176.0
60,2017-12-17 17:33:11+00:00,146,36.96816666666667,171.68,8.0467,82.0,497.0,4.503600088081192,17.3664,200.0,249.0,170.0
61,2017-12-19 00:16:45+00:00,167,19.108166666666666,175.53333333333333,4.82802,82.33333333333333,294.0,3.9841673899279018,25.1604,206.0,201.0,173.0
62,2017-12-23 15:06:34+00:00,162,43.49111666666667,174.0666666666667,9.65604,81.5,645.0,4.518335630246071,17.1648,485.0,491.0,174.0
63,2017-12-25 05:54:24+00:00,160,40.95386666666666,213.1,6.43736,82.25,427.0,4.770567811679654,16.729200000000002,176.0,206.0,174.0
64,2018-01-06 15:07:49+00:00,165,98.46131666666666,173.60000000000002,20.921419999999998,82.15384615384616,1483.0,4.706578164977016,20.1888,478.0,492.0,174.0
66,2018-01-09 00:45:01+00:00,155,23.242183333333333,162.4666666666666,4.82802,81.0,300.0,4.604815723005478,15.753600000000002,307.0,320.0,167.0
67,2018-01-10 13:19:45+00:00,156,30.63355,182.3,6.43736,80.5,424.0,4.718894453391379,15.1812,243.0,258.0,171.0
68,2018-01-11 13:29:19+00:00,154,30.615433333333332,181.8,6.43736,81.5,421.0,4.760609791906876,14.1768,223.0,206.0,181.0
69,2018-01-13 16:01:20+00:00,163,34.801399999999994,177.68,8.0467,81.8,500.0,4.340069578168079,19.3824,166.0,171.0,174.0
70,2018-01-14 18:38:46+00:00,156,49.795433333333335,178.06666666666663,9.65604,81.16666666666667,585.0,4.526142146114314,17.737199999999998,228.0,219.0,180.0
71,2018-01-16 00:46:15+00:00,158,23.17945,175.6,4.82802,81.0,317.0,4.809314702209383,14.2416,220.0,247.0,182.0
72,2018-01-18 13:35:52+00:00,156,38.80948333333333,176.88000000000002,8.0467,81.4,515.0,4.842297131705732,14.5116,198.0,210.0,228.0
73,2018-01-19 13:40:35+00:00,159,43.293699999999994,175.16666666666666,9.65604,81.66666666666667,609.0,4.484093710085051,15.282,232.0,253.0,185.0
74,2018-01-20 17:55:12+00:00,160,78.12123333333334,172.79999999999998,16.0934,81.8,968.0,4.197753567454217,18.1044,303.0,308.0,172.0
75,2018-01-21 17:51:08+00:00,144,30.732916666666664,174.9,6.43736,80.25,386.0,4.816258567293154,15.4512,296.0,423.0,166.0
76,2018-01-23 00:42:40+00:00,169,18.491533333333333,162.26666666666665,4.82802,81.66666666666667,282.0,3.850728557843144,18.576,217.0,217.0,181.0
77,2018-01-24 14:00:01+00:00,147,22.759783333333335,186.80000000000004,4.82802,81.33333333333333,307.0,4.762513442379262,14.5116,259.0,250.0,175.0
78,2018-01-25 13:35:06+00:00,158,51.096333333333334,189.4857142857143,11.265379999999999,82.42857142857143,747.0,4.612151337541869,18.342,325.0,334.0,179.0
80,2018-01-27 14:55:45+00:00,164,66.3028,171.92000000000002,16.0934,82.9,1000.0,4.176469961846149,20.088,313.0,326.0,191.0
81,2018-01-28 15:36:12+00:00,146,31.511016666666666,171.25,6.43736,81.5,394.0,5.012270348651972,16.0884,257.0,279.0,167.0
82,2018-01-30 00:43:15+00:00,155,38.77456666666667,166.0,8.0467,82.2,508.0,4.590660969601389,29.592,191.0,251.0,175.0
83,2018-01-31 13:57:46+00:00,153,38.12443333333333,176.51999999999998,8.0467,81.6,528.0,4.745770127291156,14.1084,266.0,289.0,170.0
84,2018-02-03 16:28:21+00:00,156,28.42461666666667,174.66666666666666,4.82802,82.33333333333333,302.0,4.320365159667208,18.306,164.0,151.0,180.0
85,2018-02-13 00:53:02+00:00,142,31.325233333333333,167.95,6.43736,81.75,406.0,4.533890469374501,17.3988,156.0,185.0,167.0
86,2018-02-24 18:53:50+00:00,169,6.84135,165.39999999999998,1.60934,82.0,82.0,4.394902968841835,17.197200000000002,48.0,133.0,177.0
87,2018-02-27 00:47:14+00:00,151,23.990183333333334,182.0666666666667,4.82802,81.0,320.0,5.007520892066482,13.6728,204.0,200.0,170.0
88,2018-03-02 21:12:31+00:00,164,7.8422,158.39999999999998,1.60934,82.0,113.0,4.86806895735205,18.2052,67.0,86.0,206.0
89,2018-03-04 18:48:14+00:00,156,31.170716666666667,169.1,6.43736,81.25,396.0,4.713590907876149,14.9148,109.0,130.0,172.0
90,2018-03-06 00:47:03+00:00,146,26.027483333333333,187.7333333333333,4.82802,81.33333333333333,323.0,5.129569725279481,19.1448,191.0,274.0,175.0
91,2018-03-08 14:01:15+00:00,161,23.742366666666666,179.73333333333335,4.82802,81.66666666666667,315.0,4.836554164389186,14.2416,133.0,122.0,189.0
92,2018-03-09 14:07:52+00:00,156,22.29668333333333,167.79999999999998,4.82802,82.0,309.0,4.621807482249213,14.1084,145.0,158.0,175.0
93,2018-03-10 16:07:07+00:00,155,30.013250000000003,183.35,6.43736,82.5,419.0,4.652668649602843,14.9472,121.0,134.0,173.0
94,2018-03-11 20:06:44+00:00,161,37.626666666666665,170.52,8.0467,83.6,503.0,4.33589246888737,16.3908,217.0,265.0,172.0
95,2018-03-12 23:48:13+00:00,161,23.4684,179.86666666666667,4.82802,82.0,323.0,4.7171995326488165,21.3624,192.0,244.0,174.0
96,2018-03-14 23:31:16+00:00,169,36.655899999999995,172.50000000000003,2.73151,82.75,167.0,4.339635246866716,29.8944,72.0,116.0,242.0
97,2018-03-17 15:14:20+00:00,154,30.81435,186.05,6.43736,82.25,424.0,4.775305888333873,14.544,373.0,354.0,191.0
98,2018-03-18 21:26:58+00:00,152,14.849883333333333,168.8,3.21868,82.0,206.0,4.704203107993505,19.1124,153.0,131.0,179.0
99,2018-03-19 23:43:29+00:00,159,22.848349999999996,169.13333333333333,4.82802,81.0,310.0,4.56697307893491,31.507200000000005,312.0,267.0,185.0
101,2018-03-22 23:51:03+00:00,128,15.112166666666667,170.3,2.59686,82.0,168.0,4.635617458072075,16.056,87.0,110.0,241.0
102,2018-03-23 23:04:45+00:00,162,21.398383333333335,169.86666666666667,5.0648,81.77777777777777,300.0,4.272906481227236,16.729200000000002,125.0,147.0,176.0
103,2018-03-24 14:52:41+00:00,146,15.470383333333332,180.7,3.21868,82.5,212.0,4.848611756073418,14.4792,166.0,290.0,177.0
104,2018-03-25 17:44:11+00:00,163,31.7856,176.58823529411765,7.71862,82.17647058823529,458.0,4.213522686160208,17.9028,204.0,201.0,174.0
105,2018-03-28 12:57:22+00:00,160,15.762049999999999,175.0,3.21868,80.5,216.0,4.999912109168305,14.1768,252.0,265.0,199.0
106,2018-03-30 23:45:17+00:00,166,10.544133333333331,175.3,2.17792,83.0,157.0,4.940985679263699,16.0884,49.0,60.0,176.0
107,2018-04-23 23:47:02+00:00,162,23.461416666666665,175.20000000000002,4.82802,84.0,305.0,4.62329545365499,18.1404,224.0,232.0,179.0
108,2018-04-28 12:11:04+00:00,166,221.07931666666667,225.5076923076923,41.842839999999995,81.96153846153847,2796.0,5.27679913013679,16.0236,1251.0,1260.0,248.0
109,2018-05-06 15:02:50+00:00,160,42.2887,174.4,6.43736,80.75,411.0,4.863073446778329,16.8948,191.0,241.0,174.0
110,2018-05-16 23:54:35+00:00,164,74.24503333333334,179.0,4.82802,80.66666666666667,263.0,4.224610794793247,23.6124,121.0,146.0,182.0
111,2018-05-20 14:39:40+00:00,160,22.117133333333335,182.9333333333333,4.82802,81.33333333333333,320.0,4.558473266816891,14.9796,98.0,124.0,194.0
112,2018-05-21 23:44:37+00:00,160,22.41705,175.13333333333333,4.82802,81.33333333333333,296.0,4.653793235061084,20.3904,167.0,170.0,176.0
114,2018-06-02 13:14:56+00:00,173,19.086266666666667,181.6666666666667,4.82802,81.33333333333333,270.0,3.9738511119167126,17.870400000000004,138.0,127.0,183.0
115,2018-06-03 16:18:21+00:00,149,24.820533333333334,168.4666666666667,4.82802,81.66666666666667,328.0,4.902228444875772,17.737199999999998,220.0,215.0,170.0
116,2018-06-08 00:13:29+00:00,161,21.643516666666667,184.8,4.82802,82.33333333333333,296.0,4.516447558564007,18.7452,167.0,165.0,175.0
117,2018-06-09 16:00:27+00:00,161,38.45595,187.12000000000003,8.0467,82.0,475.0,4.402299382275584,19.2816,291.0,300.0,172.0
118,2018-06-10 17:56:21+00:00,158,29.046,177.35000000000002,6.43736,81.5,414.0,4.54442985111276,15.2496,311.0,330.0,173.0
119,2018-06-11 23:43:54+00:00,163,20.987716666666664,183.0,4.82802,82.33333333333333,302.0,4.401476968877944,19.3464,145.0,133.0,176.0
120,2018-06-13 23:44:54+00:00,167,44.51076666666667,178.7625,5.91025,81.125,354.0,4.222688999980991,23.7132,145.0,159.0,184.0
121,2018-06-16 12:15:30+00:00,164,65.67766666666667,188.36666666666667,9.65604,81.66666666666667,584.0,4.286531472591894,17.265600000000003,231.0,233.0,178.0
122,2018-06-17 17:18:53+00:00,158,38.2691,167.44,8.0467,80.8,530.0,4.545122821831309,15.552,424.0,356.0,179.0
123,2018-06-18 23:44:44+00:00,146,49.76153333333333,184.26666666666665,9.65604,81.0,575.0,4.976173622805232,18.7092,254.0,270.0,164.0
124,2018-06-20 23:32:43+00:00,160,57.88296666666667,183.3703703703704,10.1,82.14814814814815,560.0,4.467015859523808,21.33,343.0,332.0,176.0
125,2018-06-23 16:46:35+00:00,159,51.748066666666666,177.26666666666665,9.65604,81.5,637.0,4.927296849530146,16.491600000000002,227.0,207.0,206.0
126,2018-06-24 17:16:51+00:00,169,44.59305,173.83333333333334,9.65604,81.33333333333333,595.0,4.264966712505546,17.7696,186.0,191.0,177.0
127,2018-06-25 23:42:22+00:00,162,20.97876666666667,189.26666666666668,4.82802,82.33333333333333,297.0,4.190580771733933,16.3908,161.0,144.0,176.0
128,2018-06-30 13:44:54+00:00,170,83.68554999999999,176.95,12.87472,80.5,853.0,4.604885913304744,16.491600000000002,331.0,451.0,181.0
129,2018-07-01 16:21:03+00:00,160,32.269083333333334,182.9,6.43736,80.25,431.0,4.883049034817613,14.544,164.0,145.0,166.0
130,2018-07-04 13:45:43+00:00,165,35.371183333333335,172.88000000000005,8.0467,81.2,481.0,4.32810160855967,15.8868,204.0,194.0,180.0
131,2018-07-05 23:53:10+00:00,156,37.164833333333334,184.16000000000005,8.0467,81.2,508.0,4.560009707159265,14.8788,274.0,274.0,165.0
132,2018-07-07 14:57:47+00:00,168,61.640750000000004,173.67499999999998,12.87472,81.875,812.0,4.289126202651438,17.064,261.0,300.0,243.0
133,2018-07-08 19:04:43+00:00,160,69.21181666666666,176.75555555555556,14.48406,82.11111111111111,940.0,4.509637579919485,19.1448,330.0,320.0,170.0
134,2018-07-09 23:46:09+00:00,153,23.867583333333336,174.73333333333335,4.82802,81.0,313.0,4.820388646359578,15.1488,183.0,217.0,164.0
135,2018-07-11 11:09:58+00:00,160,24.6984,186.26666666666665,5.21767,82.66666666666667,251.0,3.7846567268981284,23.2776,134.0,115.0,174.0
136,2018-07-14 18:07:01+00:00,142,16.06825,164.0,3.21868,81.0,201.0,5.031796159541484,15.1164,110.0,138.0,152.0
137,2018-07-15 17:31:08+00:00,170,63.09661666666667,166.90000000000003,12.87472,81.0,808.0,4.288090441662351,19.3824,287.0,288.0,180.0
138,2018-07-18 23:37:07+00:00,161,39.15638333333333,177.34,9.1866,83.6,457.0,3.947204888552961,23.8824,180.0,225.0,178.0
139,2018-07-20 17:41:13+00:00,148,32.92135,164.55,6.43736,79.75,421.0,5.056567704110112,16.1568,204.0,222.0,158.0
140,2018-07-21 17:25:57+00:00,143,15.995716666666668,151.39999999999998,3.21868,81.0,210.0,4.829162072532683,14.2416,76.0,91.0,165.0
141,2018-07-23 23:43:48+00:00,163,20.48845,181.86666666666667,4.82802,81.0,287.0,4.164355018411254,18.846,298.0,220.0,170.0
142,2018-07-25 11:07:33+00:00,157,30.5985,169.8857142857143,4.52515,82.71428571428571,231.0,3.584910795638961,22.572,141.0,214.0,175.0
143,2018-07-28 17:49:40+00:00,161,74.17058333333334,174.76,16.0934,80.8,990.0,4.311697529627522,17.737199999999998,394.0,395.0,168.0
144,2018-07-30 23:45:57+00:00,157,21.36253333333333,178.5333333333333,4.82802,81.33333333333333,284.0,4.2881018002697475,25.5276,164.0,151.0,169.0
145,2018-08-01 11:07:09+00:00,157,33.15285,175.475,5.188219999999999,85.25,258.0,4.13833336653265,33.5232,133.0,141.0,174.0
146,2018-08-03 23:07:58+00:00,147,37.59928333333333,186.92,8.0467,81.0,486.0,4.701243270825519,15.0156,240.0,212.0,161.0
147,2018-08-05 15:14:59+00:00,172,64.3228,180.5,12.87472,81.375,829.0,4.099899327282618,17.9028,287.0,297.0,184.0
148,2018-08-06 23:45:52+00:00,154,22.140666666666668,185.53333333333333,4.82802,81.0,283.0,4.457453108049698,15.8544,200.0,174.0,167.0
149,2018-08-08 11:03:09+00:00,163,42.0769,181.57777777777773,9.88298,81.88888888888889,586.0,4.188099765032828,17.870400000000004,246.0,262.0,191.0
150,2018-08-11 16:36:57+00:00,138,31.164649999999998,176.29999999999998,6.43736,80.75,389.0,4.683176802318667,14.4432,237.0,214.0,161.0
151,2018-08-12 16:35:13+00:00,156,55.91036666666666,171.06666666666666,11.7004,81.4,714.0,4.6981668261306595,19.4148,328.0,343.0,171.0
152,2018-08-15 11:11:01+00:00,159,44.21476666666667,177.85,9.77609,80.875,582.0,4.243403669395044,20.592,205.0,344.0,174.0
153,2018-08-18 16:31:15+00:00,161,91.68885,178.6,17.70274,81.45454545454545,1097.0,4.579614820431988,17.7696,621.0,575.0,171.0
154,2018-08-19 18:27:36+00:00,146,31.682233333333333,173.2,6.43736,80.75,382.0,4.91586017855873,13.7736,340.0,325.0,160.0
155,2018-08-20 23:45:38+00:00,155,20.45668333333333,177.33333333333337,4.82802,81.33333333333333,294.0,4.138911345977617,23.4468,131.0,138.0,172.0
156,2018-08-22 23:27:39+00:00,147,45.33446666666667,175.22857142857146,8.33516,82.42857142857143,410.0,4.201537543073956,25.1928,113.0,133.0,173.0
157,2018-08-25 17:51:55+00:00,161,97.5188,184.84,16.0934,81.1,1003.0,4.568610979275136,15.5196,606.0,626.0,170.0
159,2018-08-30 12:42:16+00:00,144,32.28436666666666,172.8,6.43736,81.0,394.0,4.644290687010789,16.2252,238.0,263.0,165.0
160,2018-09-01 17:26:01+00:00,157,36.61918333333333,175.84,8.0467,80.6,518.0,4.618389463307931,19.2456,299.0,299.0,166.0
161,2018-09-02 15:50:53+00:00,167,116.04594999999999,188.8,19.31208,81.58333333333333,1247.0,4.636335735441984,17.737199999999998,744.0,758.0,185.0
162,2018-09-05 00:39:48+00:00,156,37.40456666666667,181.76,8.0467,79.6,503.0,4.691385671388884,18.9792,262.0,238.0,169.0
163,2018-09-05 23:35:02+00:00,150,80.02695,171.1818181818182,14.136899999999999,81.72727272727273,828.0,4.110624724178081,18.5436,380.0,433.0,175.0
164,2018-09-08 13:28:46+00:00,164,100.80199999999999,176.07692307692307,20.921419999999998,82.07692307692308,1281.0,4.112234933466395,20.4228,649.0,652.0,182.0
165,2018-09-10 23:51:37+00:00,163,22.93955,180.33333333333331,4.82802,80.66666666666667,283.0,4.381422669215723,17.298,196.0,181.0,169.0
166,2018-09-12 00:02:54+00:00,152,43.96615,164.79999999999998,9.65604,81.0,589.0,4.5328009409147745,17.6004,406.0,438.0,162.0
167,2018-09-16 15:36:18+00:00,161,122.55465000000001,177.34666666666666,24.140099999999997,81.4,1516.0,4.439753087010661,18.5436,570.0,582.0,171.0
168,2018-09-17 23:46:45+00:00,156,21.78985,175.33333333333334,4.82802,80.33333333333333,300.0,4.431107410897535,23.0436,202.0,175.0,167.0
169,2018-09-21 00:06:39+00:00,156,48.1149,165.5666666666667,9.65604,79.66666666666667,629.0,4.8345748355462215,17.197200000000002,293.0,286.0,163.0
170,2018-09-22 13:49:21+00:00,160,129.03883333333334,203.5444444444444,28.96812,82.11111111111111,1776.0,4.481531685937311,23.9832,925.0,915.0,172.0
171,2018-09-24 23:46:06+00:00,146,23.829366666666665,168.73333333333332,4.82802,80.0,280.0,4.726483320854189,16.5924,192.0,170.0,156.0
172,2018-09-27 00:42:22+00:00,156,34.179766666666666,173.59999999999997,5.9112,79.75,364.0,4.469607572977461,30.5352,179.0,208.0,193.0
173,2018-09-29 15:40:17+00:00,166,44.16343333333334,179.9666666666667,9.65604,80.83333333333333,577.0,4.023898354803879,19.0116,208.0,273.0,182.0
174,2018-09-30 16:02:17+00:00,162,36.78438333333334,171.36,8.0467,81.4,550.0,4.564031473727008,16.729200000000002,209.0,233.0,168.0
175,2018-10-01 23:49:00+00:00,153,22.140633333333334,172.73333333333335,4.82802,80.66666666666667,281.0,4.445683103736795,19.8504,185.0,184.0,163.0
176,2018-10-03 23:35:01+00:00,163,41.43,165.96666666666667,9.65604,80.16666666666667,616.0,4.301917514200953,19.4832,286.0,343.0,171.0
177,2018-10-04 23:48:04+00:00,158,27.949316666666668,169.44999999999996,6.43736,81.0,398.0,4.3563247827121145,24.6888,247.0,214.0,213.0
178,2018-10-06 16:00:35+00:00,162,9.659583333333332,173.45,2.12933,82.5,120.0,4.282968904363669,26.1684,67.0,123.0,195.0
179,2018-10-07 12:37:47+00:00,155,194.74918333333332,205.73076923076923,41.842839999999995,82.0,2316.0,4.762786733733832,15.822,3633.0,3515.0,166.0
180,2018-10-17 22:25:44+00:00,158,22.171733333333336,166.46666666666667,4.82802,80.33333333333333,325.0,4.596250511295426,18.2052,131.0,131.0,165.0
181,2018-10-18 22:57:12+00:00,149,39.263133333333336,156.04000000000002,8.0467,80.0,492.0,4.712315782638682,16.9632,299.0,318.0,162.0
182,2018-10-22 23:46:17+00:00,170,19.9697,182.0,4.82802,80.33333333333333,295.0,4.031039671760102,24.0516,259.0,244.0,181.0
183,2018-10-26 22:49:46+00:00,152,37.88068333333333,171.16000000000005,8.0467,80.4,523.0,4.619126123478147,15.786,204.0,180.0,165.0
184,2018-10-27 18:31:32+00:00,161,58.83433333333333,175.45,12.87472,81.0,827.0,4.544976218097463,19.8504,474.0,471.0,171.0
185,2018-10-29 23:46:31+00:00,166,15.741316666666668,178.33333333333334,3.7630100000000004,80.33333333333333,237.0,4.2142701608088995,16.290000000000003,156.0,149.0,173.0
186,2018-11-01 00:05:32+00:00,170,65.27695,181.14545454545453,6.74623,84.72727272727273,352.0,3.958393334673528,23.7492,218.0,236.0,178.0
187,2018-11-03 17:30:37+00:00,165,60.47091666666667,168.17499999999998,12.87472,81.25,855.0,4.399606727994441,16.729200000000002,673.0,715.0,180.0
188,2018-11-06 00:47:22+00:00,162,20.252633333333332,169.0,4.82802,81.33333333333333,287.0,3.9830709409786795,19.6848,155.0,172.0,172.0
189,2018-11-09 17:44:16+00:00,158,27.90615,120.15,6.43736,80.5,399.0,4.325708202529759,23.58,946.0,1010.0,168.0
190,2018-11-13 00:45:59+00:00,169,20.672833333333333,168.13333333333333,4.82802,81.0,303.0,4.228596413047985,20.592,197.0,205.0,180.0
191,2018-11-15 21:52:09+00:00,154,23.196749999999998,175.79999999999998,4.82802,80.66666666666667,298.0,4.7412779069909945,15.4188,109.0,97.0,167.0
192,2018-11-17 19:44:27+00:00,156,30.25735,167.14999999999998,6.43736,80.5,426.0,4.697341407571203,14.9148,121.0,138.0,164.0
193,2018-11-20 00:42:17+00:00,158,61.73965,180.04,8.0467,81.4,507.0,4.848592887871323,20.491200000000003,271.0,279.0,178.0
194,2018-11-24 19:13:41+00:00,163,29.826883333333335,199.45,6.43736,81.25,429.0,4.692263324042653,17.838,84.0,92.0,185.0
195,2018-12-02 19:21:36+00:00,168,29.317783333333335,167.50000000000003,6.43736,80.5,417.0,4.50151425876294,19.1124,207.0,227.0,197.0
196,2018-12-04 00:47:14+00:00,174,20.180766666666667,203.66666666666663,4.82802,82.0,295.0,4.402497354206468,17.1648,367.0,432.0,179.0
197,2018-12-07 19:24:13+00:00,161,29.60921666666667,165.55000000000004,6.43736,80.75,418.0,4.629915906433439,17.9388,202.0,209.0,168.0
199,2018-12-12 19:54:39+00:00,162,39.26878333333333,178.67999999999998,8.0467,81.2,550.0,4.916770915305091,17.802000000000003,229.0,214.0,182.0
200,2018-12-13 18:39:00+00:00,160,37.88163333333333,166.24,8.0467,80.8,497.0,4.574356159370568,17.535600000000002,154.0,209.0,171.0
201,2018-12-14 19:17:17+00:00,146,31.19633333333333,170.25,6.43736,79.75,398.0,4.781300751096733,15.282,243.0,232.0,167.0
202,2018-12-15 18:57:55+00:00,160,42.642183333333335,173.83333333333334,9.65604,81.83333333333333,601.0,4.430160376341071,15.9552,226.0,247.0,170.0
203,2018-12-18 00:18:16+00:00,156,20.2985,181.33333333333331,4.82802,82.0,282.0,4.107270201462284,22.4064,134.0,187.0,174.0
204,2018-12-19 18:10:14+00:00,160,30.069383333333334,165.3,6.43736,80.25,428.0,4.722253529498622,18.1728,204.0,227.0,223.0
205,2018-12-20 21:43:09+00:00,146,31.029733333333336,164.7,6.43736,81.5,398.0,4.7518322038875604,18.1404,218.0,255.0,169.0
206,2018-12-24 18:08:58+00:00,152,54.28333333333333,197.5142857142857,11.265379999999999,82.57142857142857,753.0,4.810224839601787,18.5076,263.0,257.0,169.0
207,2018-12-25 06:06:41+00:00,162,70.68256666666667,208.5,6.43736,83.5,420.0,4.723930443707168,16.9308,109.0,130.0,174.0
208,2018-12-28 23:01:29+00:00,156,22.28535,180.7333333333333,4.82802,81.66666666666667,327.0,4.609245641048888,17.7012,114.0,102.0,172.0
209,2018-12-29 20:16:04+00:00,154,130.6072,170.9333333333333,19.31208,84.25,1206.0,4.9707382686308605,16.8948,332.0,366.0,172.0
210,2018-12-30 19:53:58+00:00,146,48.165,179.75,6.43736,82.75,365.0,4.803668453127721,15.4512,218.0,210.0,172.0
211,2019-01-02 20:12:53+00:00,156,30.661749999999998,182.95,6.43736,81.0,379.0,4.582017303590476,15.6528,192.0,175.0,170.0
212,2019-01-04 00:10:32+00:00,155,37.247049999999994,172.32,8.0467,81.8,493.0,4.609400295728101,17.334000000000003,252.0,225.0,174.0
213,2019-01-04 21:14:17+00:00,127,47.03528333333334,167.4,6.43736,81.75,430.0,5.1030073667183045,33.2532,162.0,179.0,173.0
214,2019-01-05 20:52:06+00:00,161,49.33491666666667,163.0,11.265379999999999,81.57142857142857,672.0,4.20449378853986,21.06,238.0,237.0,171.0
215,2019-01-06 18:53:59+00:00,152,30.54165,179.6,6.43736,82.75,398.0,4.720618249515903,16.056,167.0,134.0,178.0
216,2019-01-08 00:45:34+00:00,166,20.531066666666668,195.46666666666667,4.82802,83.0,290.0,4.024020870579177,19.0116,339.0,347.0,194.0
217,2019-01-09 18:01:13+00:00,154,29.09195,167.8,6.43736,82.0,426.0,4.412263007955697,19.515600000000003,645.0,639.0,169.0
218,2019-01-10 16:02:55+00:00,166,31.168266666666668,171.7,6.43736,83.75,441.0,4.6929866395158,16.1244,251.0,286.0,173.0
219,2019-01-12 18:21:43+00:00,156,29.468216666666663,177.45000000000002,6.43736,82.0,370.0,4.531775865013798,23.076,139.0,109.0,173.0
220,2019-01-13 17:42:34+00:00,146,36.969833333333334,173.28000000000003,8.0467,82.2,474.0,4.599659277692515,15.9228,212.0,199.0,162.0
222,2019-01-16 18:53:53+00:00,157,55.351866666666666,176.675,12.87472,82.5,788.0,4.2316844298143135,16.5924,482.0,538.0,171.0
223,2019-01-18 14:49:02+00:00,146,30.66848333333333,189.8,6.43736,82.5,405.0,4.630518288813061,17.064,223.0,183.0,176.0
224,2019-01-20 00:24:18+00:00,162,24.183216666666667,173.33333333333334,4.82802,81.66666666666667,310.0,4.845530895013273,20.6928,125.0,132.0,177.0
225,2019-01-20 18:51:42+00:00,162,36.688633333333335,178.92,8.0467,83.6,497.0,4.260650148029523,19.7496,192.0,202.0,176.0
226,2019-01-22 00:51:36+00:00,158,13.959283333333333,172.09999999999997,3.21868,84.0,158.0,4.2219888630556515,20.0196,129.0,174.0,180.0
227,2019-01-24 20:59:56+00:00,144,29.289350000000002,175.3,6.43736,81.25,392.0,4.587440419648621,19.1448,241.0,231.0,193.0
228,2019-01-25 16:07:08+00:00,162,14.77315,167.8,3.21868,83.5,218.0,4.464856286911195,16.9632,94.0,89.0,181.0
229,2019-01-26 19:10:49+00:00,156,30.45375,156.9,6.43736,81.75,398.0,4.528499923085731,17.3988,95.0,142.0,171.0
230,2019-01-27 18:28:55+00:00,158,37.10733333333334,176.83999999999995,8.0467,81.0,518.0,4.584911884087458,16.8624,383.0,355.0,175.0
231,2019-01-29 19:31:14+00:00,155,21.486933333333333,166.9333333333333,4.82802,81.33333333333333,292.0,4.421526895461172,16.3908,130.0,129.0,175.0
232,2019-01-30 13:48:58+00:00,145,10.422783333333333,181.4,1.60934,83.0,106.0,5.439967734095602,14.2092,101.0,86.0,173.0
233,2019-02-02 23:44:05+00:00,152,52.28405,169.62857142857143,11.265379999999999,81.57142857142857,685.0,4.528046150402237,16.5276,267.0,334.0,171.0
234,2019-02-03 20:04:40+00:00,160,34.29581666666666,189.72,8.0467,82.4,479.0,4.126568598586561,16.4268,546.0,207.0,172.0
235,2019-02-05 00:45:51+00:00,166,19.693216666666668,177.0,4.82802,83.0,281.0,3.849444664283735,20.556,164.0,167.0,174.0
236,2019-02-06 16:25:35+00:00,151,84.58268333333334,181.43333333333337,9.65604,83.83333333333333,580.0,4.313021452870683,18.072,148.0,210.0,176.0
237,2019-02-07 17:16:04+00:00,121,38.49578333333333,180.4,4.82802,84.0,274.0,4.978427000818466,16.761599999999998,67.0,94.0,173.0
238,2019-02-09 04:56:35+00:00,140,11.8318,197.0,1.60934,84.0,71.0,4.3199905001156775,21.564,43.0,38.0,187.0
239,2019-02-10 18:12:12+00:00,151,121.91748333333334,175.0,14.48406,83.0,816.0,4.536032039088146,19.1448,316.0,383.0,166.0
240,2019-02-12 00:44:44+00:00,167,19.486633333333334,177.06666666666663,4.82802,82.66666666666667,296.0,3.931318391774126,16.761599999999998,144.0,139.0,184.0
241,2019-02-13 19:55:36+00:00,149,70.01931666666665,177.925,12.87472,84.75,831.0,4.6986984227052,16.3584,294.0,269.0,181.0
242,2019-02-14 18:23:13+00:00,154,23.846633333333333,173.6,4.82802,82.33333333333333,320.0,5.1259916527967775,19.314,135.0,130.0,174.0
243,2019-02-16 02:54:06+00:00,162,36.03531666666667,181.26666666666665,4.82802,83.66666666666667,279.0,4.489816231280711,17.0964,163.0,168.0,176.0
244,2019-02-16 18:18:49+00:00,152,91.8679,176.11999999999998,16.0934,85.0,969.0,4.60408884614578,17.6004,241.0,224.0,170.0
245,2019-02-19 00:47:07+00:00,166,21.135166666666667,180.0,4.82802,83.33333333333333,313.0,4.273119191133892,19.9872,118.0,151.0,215.0
246,2019-02-22 00:20:41+00:00,160,43.4752,168.3,9.65604,82.0,584.0,4.260736248980987,18.9468,306.0,272.0,176.0
248,2019-02-23 22:34:12+00:00,139,75.7797,179.79999999999998,11.265379999999999,83.42857142857143,682.0,4.57254793967203,16.761599999999998,214.0,283.0,177.0
249,2019-02-24 18:05:02+00:00,146,31.6735,174.6,4.82802,84.66666666666667,292.0,4.9479119242590714,20.2212,114.0,155.0,181.0
250,2019-02-25 01:17:15+00:00,165,15.442916666666667,176.0,1.60934,72.0,90.0,5.148806071799264,14.0076,83.0,117.0,221.0
251,2019-02-26 00:47:06+00:00,166,26.10945,177.06666666666663,4.82802,82.33333333333333,273.0,5.255472361923442,20.826,134.0,149.0,189.0
252,2019-02-27 01:26:23+00:00,142,63.889783333333334,180.125,12.87472,82.625,821.0,4.755633377432841,15.2496,272.0,266.0,172.0
253,2019-02-28 00:52:29+00:00,158,67.81426666666667,181.975,12.87472,83.25,788.0,4.845919817077726,16.2252,315.0,321.0,175.0
254,2019-02-28 12:51:33+00:00,161,47.781283333333334,176.16666666666666,9.65604,82.66666666666667,680.0,4.891959632700161,14.3424,153.0,161.0,176.0
255,2019-03-02 15:21:45+00:00,167,74.68873333333333,216.3142857142857,11.265379999999999,83.85714285714286,811.0,5.008137258228611,15.786,143.0,178.0,213.0
256,2019-03-03 16:57:45+00:00,131,41.211866666666666,185.4,6.43736,83.5,370.0,4.7236432515670685,17.737199999999998,248.0,291.0,169.0
257,2019-03-07 00:15:49+00:00,142,44.70363333333333,172.55,6.43736,83.5,390.0,4.97348189121443,16.2576,142.0,150.0,181.0
258,2019-03-09 01:11:35+00:00,136,86.94081666666666,176.35000000000002,12.87472,83.5,723.0,4.63065329979,17.467200000000002,168.0,199.0,173.0
259,2019-03-09 16:25:32+00:00,154,36.15575,144.13333333333335,8.89745,82.83333333333333,480.0,3.9765398810291885,18.4068,166.0,185.0,176.0
260,2019-03-10 16:10:27+00:00,151,109.00716666666668,169.9846153846154,20.921419999999998,83.15384615384616,1214.0,4.712615632116389,15.9876,346.0,372.0,201.0
261,2019-03-11 23:45:23+00:00,165,18.449816666666667,184.53333333333333,4.82802,83.0,288.0,3.802341757976706,20.9952,133.0,127.0,171.0
262,2019-03-14 00:15:14+00:00,148,62.682316666666665,186.75,12.87472,81.75,719.0,4.60175721438919,22.104,302.0,300.0,173.0
263,2019-03-15 00:14:43+00:00,139,62.089933333333335,180.65714285714287,11.265379999999999,82.57142857142857,646.0,4.908212664310551,15.9228,239.0,266.0,196.0
264,2019-03-16 14:01:41+00:00,159,43.49271666666667,230.0,11.04161,84.0909090909091,590.0,3.734707980607336,18.9792,213.0,263.0,179.0
265,2019-03-17 20:39:21+00:00,148,109.64905,178.08,24.140099999999997,82.66666666666667,1359.0,4.22650518169948,18.306,592.0,608.0,170.0
266,2019-03-18 23:43:30+00:00,157,20.471066666666665,181.86666666666667,4.82802,83.0,303.0,4.21534622701107,22.741200000000003,182.0,193.0,171.0
267,2019-03-23 17:24:58+00:00,156,32.364333333333335,182.05,6.43736,82.25,400.0,4.600624198421131,15.786,212.0,162.0,178.0
269,2019-03-24 13:35:54+00:00,167,29.05865,235.8,7.93941,82.0,411.0,4.037789807307465,20.6568,1003.0,1014.0,185.0
270,2019-03-25 23:43:18+00:00,171,20.479466666666667,178.33333333333337,4.82802,84.0,289.0,4.140876100483199,19.9188,159.0,164.0,187.0
271,2019-03-26 23:42:09+00:00,160,36.219233333333335,178.7,6.43736,83.0,429.0,4.841726711282098,14.9472,143.0,136.0,187.0
272,2019-03-27 22:55:16+00:00,142,63.29626666666666,174.775,12.87472,82.25,806.0,4.637801582727165,15.7212,221.0,238.0,172.0
273,2019-03-28 11:55:43+00:00,140,53.85353333333333,176.63333333333333,9.65604,83.5,645.0,5.093300274830326,14.5116,200.0,205.0,182.0
274,2019-03-30 14:59:49+00:00,157,105.87525000000001,170.98666666666668,24.140099999999997,83.53333333333333,1431.0,4.202746667051306,20.120400000000004,508.0,555.0,167.0
275,2019-03-31 17:36:41+00:00,138,55.4962,167.70000000000002,9.65604,83.33333333333333,603.0,5.028349202067559,14.2092,217.0,292.0,175.0
276,2019-04-01 23:27:53+00:00,141,41.39586666666666,187.25,6.43736,82.5,354.0,4.670161727571019,15.4512,257.0,280.0,171.0
277,2019-04-03 23:17:20+00:00,145,75.50528333333334,181.46,16.0934,82.9,980.0,4.503394117752925,16.1568,343.0,352.0,165.0
278,2019-04-04 23:33:13+00:00,139,65.6849,179.22500000000002,12.87472,83.75,726.0,4.665807612121051,17.298,358.0,363.0,176.0
279,2019-04-05 23:23:13+00:00,143,48.89351666666666,177.16666666666666,9.65604,83.33333333333333,545.0,4.595573022194865,15.4188,261.0,280.0,175.0
280,2019-04-06 14:49:32+00:00,154,136.92663333333334,173.61,32.1868,83.95,1951.0,4.139235646897063,17.802000000000003,644.0,691.0,180.0
281,2019-04-07 14:33:09+00:00,134,37.27326666666667,172.9333333333333,4.82802,82.33333333333333,266.0,5.483013641993531,15.8544,82.0,81.0,165.0
282,2019-04-08 23:45:11+00:00,150,21.278166666666667,177.4666666666667,4.82802,82.0,292.0,4.417295291337422,25.797600000000003,133.0,157.0,163.0
283,2019-04-10 23:34:50+00:00,165,46.53718333333334,175.22,10.96302,83.8,556.0,3.802916623403149,22.1364,243.0,224.0,182.0
284,2019-04-12 00:15:27+00:00,141,59.18356666666667,169.1714285714286,11.265379999999999,81.85714285714286,727.0,4.665556515316187,16.491600000000002,281.0,274.0,196.0
285,2019-04-12 23:43:21+00:00,138,47.98886666666667,176.29999999999998,9.65604,81.66666666666667,541.0,4.760334352551821,15.5844,194.0,206.0,196.0
286,2019-04-13 15:41:49+00:00,159,81.47228333333334,177.84615384615384,20.921419999999998,83.23076923076923,1239.0,3.89974390074283,19.047600000000003,511.0,558.0,206.0
287,2019-04-15 23:44:42+00:00,142,22.707216666666667,164.53333333333333,4.82802,81.0,286.0,4.481242695454266,22.1364,208.0,205.0,159.0
288,2019-04-16 23:24:12+00:00,162,43.843650000000004,169.10000000000002,9.65604,82.16666666666667,649.0,4.539266518711767,16.4592,202.0,226.0,177.0
289,2019-04-17 23:00:16+00:00,144,66.15403333333333,173.5,12.87472,82.875,824.0,4.759994684208172,14.9796,304.0,325.0,167.0
290,2019-04-20 13:50:14+00:00,159,39.4727,187.2,4.82802,83.0,307.0,5.027305909752647,15.5196,152.0,145.0,176.0
291,2019-04-21 14:32:31+00:00,166,42.87713333333333,211.2,8.0467,83.2,522.0,4.538031773265165,21.6324,114.0,126.0,208.0
292,2019-04-22 23:43:37+00:00,150,21.80441666666667,173.73333333333335,4.82802,81.66666666666667,302.0,4.469708749824006,17.0964,169.0,201.0,160.0
293,2019-04-26 20:29:52+00:00,152,18.716633333333334,217.1,3.21868,81.5,216.0,4.6951416496205,32.245200000000004,62.0,57.0,182.0
294,2019-04-27 12:09:29+00:00,159,161.85039999999998,217.95833333333331,38.62416,82.75,2308.0,4.202426784475852,18.81,1338.0,1265.0,184.0
295,2019-04-29 23:48:02+00:00,136,28.399483333333333,175.93333333333337,4.82802,79.0,313.0,5.9563065579871735,22.338,277.0,296.0,174.0
296,2019-05-04 16:41:18+00:00,152,47.59845,168.43333333333334,9.65604,81.5,590.0,4.577936254164857,17.0964,207.0,244.0,243.0
297,2019-05-05 13:48:35+00:00,147,32.097966666666665,171.7,6.43736,83.0,428.0,4.983592273790215,15.0804,137.0,137.0,176.0
298,2019-05-06 23:47:50+00:00,150,22.540000000000003,167.39999999999998,4.82802,81.66666666666667,282.0,4.466749253812759,15.9228,156.0,189.0,169.0
299,2019-05-08 19:21:10+00:00,164,8.333633333333333,163.60000000000002,1.60934,85.0,93.0,4.777884061737358,18.1044,161.0,193.0,171.0
300,2019-05-09 00:42:23+00:00,150,56.75176666666667,181.42857142857144,11.265379999999999,84.71428571428571,725.0,5.090032029135625,18.5436,208.0,413.0,194.0
301,2019-05-09 22:39:47+00:00,141,73.50806666666668,181.75,12.87472,86.25,742.0,5.199468884696337,13.806,795.0,737.0,156.0
302,2019-05-11 15:56:23+00:00,149,56.02093333333333,168.36666666666667,9.65604,82.0,614.0,4.669594061154845,16.8624,253.0,249.0,175.0
303,2019-05-12 14:44:13+00:00,143,47.49,217.08,8.0467,82.6,512.0,4.738456503522212,23.3136,206.0,225.0,181.0
304,2019-05-13 23:45:14+00:00,160,20.029166666666665,186.0,4.82802,82.33333333333333,271.0,3.8994452218318396,20.8944,202.0,156.0,197.0
305,2019-05-14 23:22:56+00:00,142,53.68486666666667,171.5,9.65604,81.33333333333333,606.0,4.618947086432424,19.818,276.0,246.0,173.0
306,2019-05-15 23:37:01+00:00,169,41.99663333333333,174.29999999999998,8.137799999999999,85.14285714285714,359.0,3.80915877041702,23.3784,122.0,249.0,181.0
307,2019-05-16 23:02:08+00:00,140,77.923,178.9777777777778,14.48406,81.77777777777777,864.0,4.81646224286166,17.197200000000002,271.0,284.0,166.0
308,2019-05-17 23:10:12+00:00,142,48.37206666666667,174.70000000000002,9.65604,82.66666666666667,602.0,4.760758809341805,16.9632,267.0,287.0,170.0
309,2019-05-18 15:41:03+00:00,150,64.69235,174.0,12.87472,83.0,754.0,4.5119684555778585,24.4872,250.0,254.0,173.0
310,2019-05-19 14:42:13+00:00,135,45.8035,176.9333333333333,4.82802,82.0,261.0,5.279040906763728,15.4188,173.0,167.0,170.0
311,2019-05-20 23:52:01+00:00,154,21.163183333333333,174.66666666666666,4.82802,83.33333333333333,297.0,4.276080846682559,17.838,226.0,225.0,174.0
312,2019-05-22 23:17:20+00:00,137,27.024016666666668,172.6,4.82802,81.66666666666667,288.0,5.059937833973934,14.3424,80.0,89.0,170.0
314,2019-05-23 23:19:44+00:00,153,6.852633333333333,189.4,1.60934,80.0,97.0,4.319993594971929,16.3584,43.0,36.0,164.0
315,2019-05-24 00:17:10+00:00,179,5.4185,197.6,1.60934,82.0,80.0,3.605594117702097,17.064,315.0,371.0,181.0
317,2019-05-24 23:19:43+00:00,136,51.95768333333333,181.33333333333331,9.65604,83.0,525.0,4.99653883483951,16.2252,236.0,250.0,160.0
318,2019-05-26 15:46:28+00:00,146,58.337250000000004,172.91428571428568,11.265379999999999,82.57142857142857,660.0,4.663084969800818,26.4024,260.0,266.0,177.0
319,2019-05-27 23:53:57+00:00,132,53.9487,184.64,8.0467,81.2,466.0,4.941180267303956,19.1124,251.0,246.0,175.0
320,2019-05-29 22:58:06+00:00,158,40.60358333333333,173.26666666666668,8.40382,83.33333333333333,440.0,3.8851434123545485,21.9348,162.0,217.0,178.0
321,2019-05-31 02:22:04+00:00,135,50.1453,181.5,9.65604,81.5,531.0,4.976228587963438,25.7652,218.0,220.0,163.0
322,2019-05-31 23:17:12+00:00,149,44.650083333333335,182.16,8.0467,81.8,489.0,4.790958602827233,14.644799999999998,213.0,210.0,170.0
323,2019-06-01 12:40:31+00:00,160,8.2716,180.20000000000005,1.60934,84.0,123.0,5.470270393277432,12.7296,126.0,139.0,178.0
324,2019-06-01 13:06:01+00:00,176,11.773733333333332,198.1,3.21868,83.0,194.0,3.657662439977502,22.5396,86.0,123.0,180.0
325,2019-06-01 14:19:18+00:00,148,26.68521666666667,175.20000000000002,4.82802,83.66666666666667,334.0,5.1179169912455125,14.7816,53.0,53.0,157.0
326,2019-06-02 13:52:03+00:00,151,89.13943333333333,168.36363636363637,17.70274,82.18181818181819,1155.0,4.6639372462620265,17.0316,345.0,284.0,202.0
327,2019-06-03 23:31:31+00:00,144,47.29678333333333,184.40000000000003,8.0467,81.6,456.0,4.698988020367009,24.4548,278.0,334.0,169.0
328,2019-06-05 23:56:13+00:00,156,118.86358333333334,179.20740740740743,11.69928,82.74074074074075,667.0,4.283245132613841,25.8984,290.0,303.0,189.0
329,2019-06-07 00:11:30+00:00,136,56.19793333333334,185.28571428571428,11.265379999999999,82.42857142857143,613.0,4.759258768000144,15.1812,338.0,342.0,180.0
330,2019-06-07 23:32:10+00:00,150,45.368383333333334,184.2,9.65604,82.33333333333333,598.0,4.603498072101922,20.4552,193.0,202.0,174.0
331,2019-06-08 17:16:02+00:00,142,52.40545,172.73333333333335,9.65604,81.66666666666667,632.0,4.89716485577922,19.047600000000003,178.0,171.0,171.0
332,2019-06-09 15:23:21+00:00,151,90.3453,176.96666666666667,19.31208,81.75,1098.0,4.4977007502842,15.6528,472.0,487.0,185.0
333,2019-06-10 23:35:57+00:00,148,43.118050000000004,184.83333333333331,8.818869999999999,81.83333333333333,516.0,4.344928777253111,17.4996,353.0,424.0,174.0
334,2019-06-12 10:48:22+00:00,144,84.99988333333334,172.01818181818183,17.70274,81.0,1003.0,4.651724269384302,15.3828,425.0,422.0,172.0
335,2019-06-14 00:20:00+00:00,161,46.99486666666667,179.7034482758621,10.19141,82.24137931034483,614.0,4.2022228965342725,22.5072,313.0,335.0,174.0
336,2019-06-14 23:24:56+00:00,138,51.09775,183.03333333333333,9.65604,80.83333333333333,532.0,4.881563325287775,14.2776,261.0,274.0,162.0
337,2019-06-15 14:09:52+00:00,147,102.82716666666667,175.1076923076923,20.921419999999998,82.38461538461539,1227.0,4.617011714877672,16.2252,555.0,579.0,187.0
338,2019-06-16 17:16:40+00:00,143,55.39838333333333,213.5,9.65604,81.66666666666667,591.0,5.02765874674787,20.4228,182.0,162.0,172.0
339,2019-06-17 23:22:41+00:00,141,97.24884999999999,183.8571428571429,11.265379999999999,81.57142857142857,614.0,4.630364987836818,19.047600000000003,566.0,567.0,171.0
340,2019-06-19 10:44:16+00:00,151,80.52036666666666,176.4,17.70274,81.63636363636364,1138.0,4.427732260148526,15.2496,431.0,409.0,169.0
341,2019-06-20 23:51:18+00:00,151,22.11225,171.39999999999998,4.82802,79.33333333333333,309.0,4.438045087389143,16.290000000000003,143.0,121.0,173.0
342,2019-06-21 00:14:37+00:00,170,3.972916666666667,185.46666666666667,1.2711199999999998,84.33333333333333,61.0,3.192598775403178,22.104,45.0,44.0,174.0
343,2019-06-21 00:32:26+00:00,136,49.911183333333334,178.87999999999997,8.0467,80.4,469.0,5.102322311526696,16.9632,191.0,184.0,160.0
344,2019-06-21 23:11:54+00:00,137,61.21163333333333,177.475,12.87472,81.25,686.0,4.647704034207102,18.6768,485.0,476.0,181.0
345,2019-06-22 14:19:34+00:00,156,100.91686666666666,170.6142857142857,22.530759999999997,81.71428571428571,1369.0,4.161662903410468,21.8664,515.0,551.0,177.0
346,2019-06-23 14:56:10+00:00,149,52.55191666666666,179.2,11.265379999999999,81.71428571428571,727.0,4.569725550457822,17.9388,298.0,304.0,186.0
347,2019-06-24 23:26:11+00:00,148,138.34193333333332,176.75000000000003,12.87472,80.875,749.0,4.465439183575262,22.741200000000003,610.0,552.0,213.0
348,2019-06-26 10:45:03+00:00,148,90.68586666666667,182.95,19.31208,81.0,1162.0,4.520565407691788,16.1244,478.0,492.0,161.0
349,2019-06-28 03:04:23+00:00,139,77.34585,179.95999999999998,16.0934,80.6,975.0,4.698243833823752,17.4348,439.0,442.0,162.0
350,2019-06-28 23:06:01+00:00,137,80.05736666666667,188.0,9.65604,81.0,551.0,4.9650690491116505,16.693199999999997,344.0,395.0,164.0
351,2019-06-29 12:39:23+00:00,161,8.871533333333334,174.39999999999998,1.60934,82.0,115.0,4.934217018706604,13.3704,21.0,36.0,169.0
352,2019-06-29 13:26:09+00:00,170,17.42735,176.73333333333332,4.82802,82.33333333333333,288.0,3.6039032493547616,20.322,56.0,64.0,174.0
353,2019-06-29 14:14:24+00:00,137,79.19315,179.07999999999998,8.0467,83.4,519.0,5.297515354325512,14.1084,75.0,70.0,148.0
354,2019-06-30 14:10:11+00:00,156,104.1977,175.4,24.140099999999997,81.86666666666666,1399.0,4.092743265101288,18.2052,671.0,670.0,167.0
355,2019-07-01 23:10:19+00:00,135,77.75401666666667,185.84444444444443,14.48406,80.66666666666667,761.0,4.843502094652588,15.9552,705.0,730.0,162.0
356,2019-07-03 22:41:59+00:00,153,65.91285,180.4307692307692,16.11225,81.6923076923077,784.0,4.1302520971610415,22.9104,397.0,467.0,181.0
357,2019-07-04 14:01:16+00:00,151,100.46526666666666,174.8153846153846,20.921419999999998,81.84615384615384,1319.0,4.597435344227147,16.729200000000002,517.0,510.0,176.0
358,2019-07-05 22:27:51+00:00,151,63.18485,162.0,12.87472,80.125,831.0,4.546935276996599,15.3828,224.0,216.0,182.0
359,2019-07-06 14:04:50+00:00,150,158.99061666666665,184.5176470588235,27.35878,81.94117647058823,1690.0,4.944227952370841,16.9632,620.0,679.0,177.0
360,2019-07-07 14:31:56+00:00,135,72.12878333333333,172.95555555555555,14.48406,81.22222222222223,767.0,4.8475320166388265,14.9472,348.0,377.0,176.0
361,2019-07-08 23:02:35+00:00,147,76.80794999999999,180.64,16.0934,80.2,966.0,4.49494780919103,16.326,716.0,717.0,171.0
362,2019-07-10 00:05:49+00:00,136,14.663416666666668,174.0,3.21868,79.5,182.0,4.596888385775133,14.1768,97.0,151.0,146.0
363,2019-07-10 10:30:32+00:00,154,114.81486666666666,180.3857142857143,22.530759999999997,82.21428571428571,1350.0,4.803232431307125,14.5116,693.0,752.0,178.0
364,2019-07-11 23:30:38+00:00,148,76.05853333333333,177.92000000000002,16.19022,81.93333333333334,798.0,4.229493407226137,25.5276,292.0,324.0,183.0
365,2019-07-12 23:09:06+00:00,140,74.98028333333333,177.22,16.0934,80.9,880.0,4.524852474046541,15.5844,297.0,312.0,173.0
366,2019-07-13 14:34:23+00:00,154,149.63070000000002,173.5111111111111,28.96812,82.05555555555556,1626.0,4.5156598384556315,17.4996,598.0,595.0,172.0
367,2019-07-14 15:31:49+00:00,148,80.81953333333334,178.58,16.0934,82.0,970.0,4.904386723447879,16.1244,412.0,402.0,166.0
368,2019-07-15 23:09:26+00:00,146,69.07443333333335,179.4888888888889,14.48406,82.0,788.0,4.465649554004892,17.636400000000002,473.0,484.0,160.0
369,2019-07-16 23:48:38+00:00,150,52.18971666666666,185.3428571428572,11.265379999999999,81.0,670.0,4.539807942921525,16.1568,243.0,246.0,186.0
370,2019-07-17 10:43:00+00:00,135,102.87883333333333,173.13846153846154,20.921419999999998,82.3076923076923,1059.0,4.713871642394316,15.9552,589.0,577.0,169.0
371,2019-07-18 23:26:56+00:00,139,67.01061666666666,180.4,12.87472,81.25,697.0,4.858832293755376,20.9268,303.0,313.0,162.0
372,2019-07-19 22:52:21+00:00,137,74.93213333333333,178.88888888888889,14.48406,81.22222222222223,811.0,4.843282642980599,15.4512,295.0,290.0,162.0
373,2019-07-20 12:48:19+00:00,132,49.981366666666666,177.80000000000004,9.65604,81.66666666666667,497.0,4.973888902344317,14.644799999999998,292.0,277.0,171.0
374,2019-07-22 23:06:18+00:00,132,73.76119999999999,188.175,12.87472,81.0,570.0,5.1411245208558105,30.096,443.0,441.0,161.0
375,2019-07-23 23:42:06+00:00,139,60.91771666666667,179.225,12.87472,81.75,707.0,4.515743843360864,18.072,264.0,300.0,166.0
376,2019-07-24 10:51:55+00:00,131,114.74996666666667,173.3846153846154,20.921419999999998,82.38461538461539,969.0,4.990946256728368,15.7212,449.0,462.0,178.0
377,2019-07-26 03:14:39+00:00,136,25.22355,169.33333333333334,4.82802,80.0,277.0,5.202378754126871,16.9956,129.0,167.0,173.0
378,2019-07-31 00:36:14+00:00,124,24.260550000000002,178.46666666666667,4.82802,78.66666666666667,252.0,4.854311320748498,16.3908,157.0,184.0,172.0
379,2019-08-03 12:47:40+00:00,111,32.27818333333333,176.0666666666667,4.82802,81.0,218.0,5.8449808997506825,22.1364,161.0,171.0,150.0
381,2019-08-05 23:23:02+00:00,135,47.14065000000001,187.76,8.0467,80.4,399.0,5.180543316806091,18.81,329.0,312.0,157.0
382,2019-08-07 00:09:22+00:00,153,42.671616666666665,175.5666666666667,9.65604,81.16666666666667,552.0,4.110614065152867,17.535600000000002,260.0,288.0,167.0
383,2019-08-07 22:58:10+00:00,148,36.199216666666665,175.36,8.0467,81.2,459.0,4.388187956035634,24.620400000000004,149.0,159.0,163.0
384,2019-08-08 23:55:48+00:00,139,44.36185,175.1,9.65604,80.5,531.0,4.4816516814578495,14.7816,254.0,265.0,164.0
385,2019-08-10 00:17:50+00:00,150,47.92561666666667,175.62857142857143,11.265379999999999,81.14285714285714,675.0,4.226944892589126,21.9348,323.0,343.0,174.0
386,2019-08-10 15:53:35+00:00,150,59.29825,179.3,12.87472,81.125,765.0,4.508512350916195,20.6568,320.0,380.0,173.0
387,2019-08-11 18:10:21+00:00,137,32.52831666666667,179.35,6.43736,80.25,350.0,4.956984308523901,14.5116,157.0,206.0,160.0
388,2019-08-12 23:46:56+00:00,112,31.7716,179.13333333333335,4.82802,79.66666666666667,222.0,5.806832799415941,16.8948,249.0,238.0,154.0
389,2019-08-14 00:34:58+00:00,140,48.46858333333333,176.16666666666666,9.65604,80.66666666666667,591.0,4.972727226239885,13.7052,283.0,278.0,188.0
390,2019-08-15 23:44:31+00:00,148,57.5403,176.125,12.87472,80.625,716.0,4.296640362647366,16.0236,321.0,327.0,161.0
391,2019-08-16 22:55:30+00:00,147,63.94745,177.55555555555554,13.16016,81.44444444444444,762.0,4.391282206393561,20.5236,308.0,346.0,173.0
392,2019-08-17 20:03:22+00:00,153,106.90858333333333,177.3375,21.50789,82.125,1304.0,4.76184389977691,18.1728,650.0,704.0,171.0
393,2019-08-18 19:01:47+00:00,143,96.9603,175.77333333333334,18.66629,80.86666666666666,981.0,4.801517920883199,17.265600000000003,417.0,471.0,158.0
394,2019-08-19 23:49:28+00:00,130,29.00186666666667,194.13333333333333,4.82802,80.0,253.0,4.840020422082762,15.8544,254.0,273.0,152.0
395,2019-08-21 00:51:28+00:00,139,46.38903333333334,173.9,9.65604,80.5,510.0,4.732783903013732,23.1444,186.0,217.0,166.0
396,2019-08-21 22:54:20+00:00,161,29.371866666666666,179.51999999999998,6.203,85.8,266.0,4.081049987960065,35.1036,161.0,172.0,169.0
397,2019-08-22 22:51:18+00:00,154,40.60293333333333,173.66666666666666,9.65604,81.5,528.0,4.082462871655235,22.4712,213.0,245.0,169.0
398,2019-08-24 13:32:59+00:00,142,118.87750000000001,209.51666666666665,18.14648,83.25,1132.0,4.933384933475308,20.0196,505.0,539.0,174.0
399,2019-08-25 16:42:50+00:00,154,63.33665,178.05,12.87472,82.5,844.0,4.817916852135147,21.1608,427.0,442.0,166.0
400,2019-08-26 23:51:25+00:00,122,35.870866666666664,191.26666666666665,4.82802,80.66666666666667,230.0,5.323275263026231,14.8464,208.0,227.0,170.0
401,2019-08-27 23:04:23+00:00,147,57.45725,171.25,12.87472,82.125,692.0,4.378896703334197,20.6928,326.0,363.0,163.0
402,2019-08-30 22:07:30+00:00,153,56.22793333333333,169.825,12.87472,81.625,713.0,4.226357849685935,22.4388,309.0,344.0,170.0
403,2019-08-31 15:58:54+00:00,148,141.38116666666667,175.275,25.74944,83.0625,1467.0,5.2289739002730045,18.5076,977.0,1011.0,176.0
405,2019-09-02 23:48:23+00:00,127,33.64823333333333,174.93333333333337,4.82802,80.33333333333333,229.0,5.4520515762416055,22.0356,185.0,209.0,165.0
406,2019-09-03 23:52:04+00:00,149,58.8977,171.375,12.87472,81.25,791.0,4.454029700371003,22.4064,259.0,297.0,170.0
407,2019-09-04 23:48:06+00:00,159,39.0261,173.11111111111111,8.77896,83.77777777777777,376.0,3.851893540120816,23.85,170.0,203.0,204.0
408,2019-09-05 23:23:35+00:00,147,67.33426666666666,155.37499999999997,12.87472,80.75,826.0,5.241598355943049,13.7736,200.0,237.0,169.0
409,2019-09-06 23:42:42+00:00,139,47.91948333333333,171.4333333333333,9.65604,80.5,474.0,4.83109259927687,16.8624,242.0,260.0,175.0
410,2019-09-08 15:46:21+00:00,144,96.6544,172.06153846153848,20.921419999999998,81.53846153846153,1163.0,4.386455215908934,19.2816,449.0,453.0,175.0
411,2019-09-09 23:43:42+00:00,127,28.375816666666665,178.53333333333333,4.82802,79.33333333333333,220.0,4.951141497905869,17.1648,140.0,151.0,170.0
412,2019-09-11 00:34:13+00:00,146,62.88398333333334,174.10000000000002,12.87472,81.5,703.0,4.588183945525374,18.2052,332.0,374.0,167.0
413,2019-09-12 00:11:18+00:00,153,31.407883333333334,167.55000000000004,7.02484,82.5,367.0,3.8831007215163296,25.596,120.0,153.0,175.0
414,2019-09-13 23:51:02+00:00,140,50.61251666666667,173.86666666666667,9.65607,80.66666666666667,470.0,4.615866553905431,18.7776,178.0,208.0,166.0
415,2019-09-14 17:08:42+00:00,165,61.54855,186.75,12.87476,81.25,820.0,4.667395746071139,16.2576,316.0,290.0,212.0
416,2019-09-15 21:05:09+00:00,128,32.714283333333334,175.7,6.43738,80.5,330.0,5.072374015592857,12.798,171.0,209.0,148.0
417,2019-09-16 23:49:35+00:00,126,34.88968333333333,167.5,6.43738,81.0,316.0,4.956481133998007,22.8744,296.0,352.0,167.0
418,2019-09-18 00:58:10+00:00,132,46.56511666666667,172.66666666666666,9.65607,80.66666666666667,479.0,4.891840701759656,23.3784,196.0,209.0,170.0
419,2019-09-20 00:14:09+00:00,134,15.123600000000001,166.39999999999998,3.21869,80.0,177.0,4.7189573820736745,19.1124,96.0,144.0,145.0
421,2019-09-20 00:50:40+00:00,130,17.493683333333333,174.79999999999995,3.21869,80.0,195.0,5.382035890669574,13.8384,51.0,50.0,140.0
422,2019-09-21 00:15:50+00:00,134,67.36703333333334,178.55,12.87476,81.0,637.0,4.881821109841445,15.4188,290.0,289.0,158.0
423,2019-09-22 15:04:12+00:00,151,43.353233333333336,180.0666666666667,9.65607,81.66666666666667,579.0,4.348578124171934,19.4148,245.0,311.0,182.0
424,2019-09-23 23:48:09+00:00,141,39.7258,164.7,6.43738,80.5,325.0,5.0340914168364055,18.9108,238.0,292.0,163.0
425,2019-09-24 22:45:54+00:00,125,55.94925,177.0,9.65607,81.33333333333333,460.0,5.107071789364066,14.6808,279.0,338.0,160.0
428,2019-09-30 23:07:49+00:00,149,73.59998333333333,175.75,12.87476,81.0,697.0,4.794417498846951,19.1808,331.0,415.0,174.0
429,2019-10-03 23:27:36+00:00,144,59.8353,178.15,12.87476,81.75,641.0,4.474855793094518,18.003600000000002,294.0,335.0,173.0
430,2019-10-04 23:45:34+00:00,133,49.840316666666666,177.13333333333333,9.65607,80.33333333333333,468.0,4.934512565300543,16.0236,290.0,304.0,176.0
431,2019-10-07 23:57:43+00:00,98,18.79235,196.6,3.21869,80.0,164.0,5.722971410178828,13.1004,103.0,124.0,175.0
432,2019-10-09 23:27:05+00:00,134,47.42698333333333,186.93333333333337,9.65607,80.66666666666667,480.0,4.854708330575762,15.5196,287.0,325.0,180.0
433,2019-10-10 23:13:52+00:00,143,59.82071666666666,184.05000000000004,12.87476,80.75,698.0,4.64346282767532,16.1568,283.0,275.0,178.0
436,2019-10-12 14:37:34+00:00,120,37.72891666666667,176.73333333333335,7.38073,81.33333333333333,455.0,4.681050628066361,16.761599999999998,185.0,239.0,200.0
437,2019-10-14 23:53:19+00:00,115,22.35735,183.79999999999995,3.21869,80.0,164.0,5.613961768012297,20.1528,83.0,83.0,174.0
438,2019-10-15 23:17:55+00:00,160,42.70575,177.70000000000002,7.95063,83.0,424.0,4.254491147217281,22.9752,161.0,186.0,171.0
439,2019-10-16 11:34:34+00:00,135,67.42636666666667,174.55,12.87476,83.25,665.0,5.286099149580425,16.326,351.0,373.0,174.0
440,2019-10-17 23:38:06+00:00,140,33.3985,185.8,6.43738,81.0,362.0,5.028008791264698,18.9468,128.0,175.0,173.0
441,2019-10-18 23:23:52+00:00,133,55.52265,180.4857142857143,11.265379999999999,81.28571428571429,559.0,4.75037619075012,15.786,285.0,299.0,179.0
442,2019-10-19 15:14:57+00:00,152,74.21631666666667,174.9,16.0934,83.2,916.0,4.410842793786083,18.306,449.0,456.0,186.0
443,2019-10-20 21:34:48+00:00,123,26.834999999999997,165.26666666666665,4.82802,81.0,269.0,5.292489929718169,12.8988,117.0,120.0,169.0
444,2019-10-21 23:20:32+00:00,127,48.909483333333334,183.4,8.0467,81.0,382.0,5.207474124391401,16.4592,247.0,306.0,171.0
445,2019-10-24 00:03:24+00:00,132,62.139066666666665,171.77142857142857,11.265379999999999,80.85714285714286,569.0,4.99438400982113,16.2252,259.0,303.0,173.0
446,2019-10-24 23:10:19+00:00,134,56.21471666666666,180.42857142857144,11.265379999999999,82.0,594.0,4.927034942811574,15.0804,261.0,273.0,169.0
447,2019-10-25 23:14:54+00:00,130,49.7038,179.16666666666666,9.65604,81.83333333333333,488.0,5.1104795587031004,13.3704,206.0,231.0,176.0
448,2019-10-26 16:50:32+00:00,127,35.3673,175.79999999999998,6.43736,82.75,343.0,5.254269112410149,14.2092,117.0,143.0,170.0
449,2019-10-27 16:53:38+00:00,148,148.98746666666665,203.14285714285717,22.530759999999997,83.14285714285714,1316.0,4.753830467591965,23.58,431.0,504.0,183.0
451,2019-10-29 23:38:51+00:00,148,28.882749999999998,175.0,6.43736,82.25,375.0,4.4940959556798985,16.9956,146.0,166.0,173.0
452,2019-11-03 20:38:23+00:00,142,45.7108,163.96666666666667,9.65604,82.0,523.0,4.720595945227993,17.298,234.0,256.0,193.0
453,2019-11-05 00:28:54+00:00,127,40.305933333333336,167.52000000000004,6.86166,82.2,351.0,4.920083258824962,21.9348,325.0,437.0,174.0
454,2019-11-06 01:15:01+00:00,141,51.702466666666666,189.83333333333331,9.65604,82.16666666666667,533.0,5.032400510076919,17.636400000000002,394.0,443.0,185.0
455,2019-11-08 00:06:45+00:00,146,46.04656666666666,169.9,9.65604,81.83333333333333,578.0,4.624170309814445,18.5436,247.0,268.0,175.0
456,2019-11-09 17:03:59+00:00,145,50.55246666666667,206.33333333333331,9.65604,82.66666666666667,579.0,5.0806888953957365,18.003600000000002,180.0,189.0,177.0
457,2019-11-10 21:32:13+00:00,134,49.869,175.79999999999998,9.65604,82.66666666666667,513.0,5.161044183635539,14.6124,216.0,269.0,180.0
458,2019-11-12 00:53:05+00:00,162,31.208616666666668,186.13333333333333,4.82802,83.0,344.0,6.3459873207105115,12.294,236.0,211.0,183.0
459,2019-11-14 00:43:36+00:00,147,61.1654,176.79999999999998,12.87472,83.375,710.0,4.631751718056136,17.9712,273.0,291.0,182.0
460,2019-11-15 00:13:24+00:00,141,46.88453333333334,176.73333333333335,9.65604,82.16666666666667,579.0,4.911373904912371,17.1324,234.0,260.0,184.0
461,2019-11-16 00:04:42+00:00,140,16.5106,173.2,3.21868,81.5,194.0,5.139295004918082,19.314,62.0,109.0,177.0
462,2019-11-17 18:53:51+00:00,134,61.150150000000004,171.42857142857142,11.265379999999999,81.28571428571429,598.0,4.963720838550237,20.0196,364.0,360.0,166.0
465,2019-11-20 00:33:21+00:00,134,50.737433333333335,179.46666666666667,9.65604,82.16666666666667,475.0,5.221441138698953,14.2092,282.0,282.0,183.0
466,2019-11-21 00:19:49+00:00,158,41.945166666666665,178.6933333333333,8.78514,83.66666666666667,459.0,4.372450879515905,26.2008,159.0,203.0,183.0
467,2019-11-22 23:16:10+00:00,140,33.00945,173.0,6.43736,81.25,335.0,5.081371840968333,14.1408,231.0,207.0,187.0
468,2019-11-23 23:29:56+00:00,137,50.95391666666667,171.76666666666665,9.65604,82.16666666666667,520.0,5.32223554201066,14.3784,257.0,251.0,172.0
469,2019-11-24 19:03:15+00:00,136,39.30393333333333,163.4,8.0467,83.0,461.0,4.922745736938241,16.491600000000002,184.0,206.0,177.0
470,2019-11-26 00:39:59+00:00,117,36.9081,219.8,5.459239999999999,82.0,272.0,5.433804638076345,26.7372,229.0,408.0,174.0
471,2019-11-27 02:16:16+00:00,151,55.55595,176.77142857142854,11.265379999999999,83.71428571428571,659.0,4.874279188294924,18.4428,236.0,272.0,179.0
472,2019-11-28 14:51:19+00:00,161,18.078533333333333,175.20000000000005,1.60934,84.0,74.0,4.6605555259809135,21.1608,19.0,37.0,181.0
473,2019-11-28 15:05:54+00:00,172,17.208183333333334,169.73333333333335,4.82802,83.66666666666667,259.0,3.546965194080539,21.0276,73.0,85.0,176.0
474,2019-11-28 15:41:36+00:00,112,8.593033333333333,178.0,1.60934,83.0,99.0,6.004043876647384,15.4512,32.0,38.0,162.0
476,2019-11-29 18:42:05+00:00,141,135.69676666666666,191.56,24.140099999999997,84.33333333333333,1199.0,4.950104529047846,18.241200000000003,381.0,395.0,166.0
477,2019-12-01 18:07:02+00:00,140,30.635566666666666,170.0,4.82802,82.66666666666667,277.0,5.1294760961903085,16.9632,172.0,201.0,175.0
478,2019-12-03 00:30:19+00:00,123,42.14430000000001,177.0,6.90076,81.8,387.0,5.3902873420638535,19.515600000000003,393.0,481.0,181.0
479,2019-12-05 00:13:27+00:00,134,69.81566666666666,180.775,12.87472,82.75,629.0,5.100764772852028,17.298,424.0,464.0,172.0
480,2019-12-09 21:06:10+00:00,143,54.594433333333335,20.166666666666668,9.65604,84.33333333333333,559.0,5.16843978386645,24.991200000000003,845.0,918.0,181.0
481,2019-12-10 23:24:03+00:00,157,51.9854,1.257142857142859,11.265379999999999,83.14285714285714,622.0,4.386669270889849,19.0116,341.0,344.0,175.0
482,2019-12-11 23:05:38+00:00,147,53.593716666666666,2.1999999999999966,11.265379999999999,82.0,587.0,4.7743103246199095,16.9308,395.0,442.0,183.0
483,2019-12-13 23:47:07+00:00,144,141.52771666666666,73.50588235294119,27.35878,83.05882352941177,1286.0,4.734040478887851,22.2372,1012.0,1078.0,172.0
484,2019-12-15 23:12:29+00:00,136,38.411683333333336,25.90000000000001,6.43736,82.75,330.0,5.247003908010718,16.290000000000003,213.0,204.0,180.0
485,2019-12-25 06:07:13+00:00,150,69.51836666666667,207.68,8.0467,82.8,488.0,4.838439019243556,17.298,167.0,180.0,172.0
486,2019-12-29 15:29:06+00:00,144,55.183033333333334,176.33333333333334,9.65604,81.5,577.0,4.926099495429654,14.2776,227.0,276.0,174.0
488,2019-12-31 18:24:05+00:00,149,32.77811666666666,186.7,6.43736,83.0,389.0,4.677895255747839,16.2252,241.0,223.0,186.0
489,2020-01-01 22:42:48+00:00,144,48.09768333333333,173.33333333333334,9.65604,82.16666666666667,620.0,5.011710546475112,15.822,214.0,244.0,171.0
490,2020-01-03 00:09:09+00:00,147,51.53416666666667,171.6,9.65604,82.33333333333333,579.0,4.754312544375403,21.3984,254.0,273.0,184.0
491,2020-01-04 01:03:26+00:00,146,45.964216666666665,183.66666666666663,9.65604,82.16666666666667,548.0,4.810687047933514,18.003600000000002,229.0,243.0,169.0
492,2020-01-04 18:19:34+00:00,151,61.302416666666666,181.125,12.87472,83.125,716.0,4.6664087752604315,16.1892,233.0,276.0,186.0
493,2020-01-07 00:38:24+00:00,125,32.63676666666667,175.29999999999998,6.43736,82.5,346.0,5.064554954351461,16.326,215.0,247.0,178.0
494,2020-01-08 00:28:14+00:00,130,57.191633333333336,185.8,11.265379999999999,82.28571428571429,576.0,5.1241587814679415,14.8788,257.0,238.0,177.0
495,2020-01-10 01:04:17+00:00,156,76.88573333333333,173.64,16.0934,83.1,909.0,4.614897505432302,17.6004,348.0,384.0,173.0
496,2020-01-12 17:37:28+00:00,156,38.808483333333335,187.44,8.0467,82.4,452.0,4.357090353292575,16.056,125.0,152.0,174.0
497,2020-01-14 00:40:56+00:00,165,29.143083333333333,186.40000000000003,6.43736,83.75,369.0,4.00501646646079,22.842,239.0,229.0,174.0
498,2020-01-17 02:09:20+00:00,151,38.647016666666666,172.47999999999996,8.0467,84.2,482.0,4.83903912508264,19.047600000000003,170.0,200.0,179.0
499,2020-01-17 23:36:18+00:00,142,49.2505,176.76666666666665,9.65604,83.66666666666667,532.0,4.831479679947134,17.4996,273.0,304.0,187.0
500,2020-01-18 18:46:20+00:00,142,85.2354,171.1,16.0934,84.8,837.0,5.05214629559822,16.3584,368.0,474.0,181.0
501,2020-01-19 18:13:18+00:00,150,30.6193,173.85000000000002,6.43736,85.5,406.0,4.79110988196869,16.693199999999997,144.0,197.0,195.0
502,2020-01-21 00:38:43+00:00,146,88.93333333333334,188.16000000000005,8.0467,85.0,458.0,4.79944547651946,25.6968,285.0,367.0,185.0
503,2020-01-22 01:12:40+00:00,139,45.55786666666667,177.43333333333337,9.65604,83.83333333333333,539.0,4.777108585448672,14.8464,230.0,236.0,177.0
504,2020-01-24 00:33:11+00:00,139,41.161899999999996,180.0,8.0467,82.8,425.0,5.191307470360003,13.6728,290.0,311.0,183.0
505,2020-01-25 16:05:56+00:00,167,82.63883333333334,181.6153846153846,20.921419999999998,83.3076923076923,1233.0,3.9507893509138037,20.2536,355.0,350.0,183.0
506,2020-01-28 00:45:39+00:00,142,26.427183333333335,170.19999999999996,4.82802,81.66666666666667,268.0,5.101621627818551,14.8788,164.0,176.0,188.0
507,2020-01-29 00:32:43+00:00,151,45.01521666666667,161.29999999999998,9.65604,83.0,593.0,4.724906249445794,19.2816,132.0,246.0,185.0
508,2020-01-30 00:10:42+00:00,145,66.35021666666667,176.14999999999998,12.87472,84.125,775.0,4.928384293789455,14.1768,253.0,266.0,178.0
509,2020-01-31 00:38:17+00:00,164,23.718233333333334,184.5333333333333,4.82802,84.0,260.0,4.689524808916359,17.064,268.0,308.0,176.0
510,2020-01-31 13:17:21+00:00,149,47.47391666666667,179.0666666666667,9.65604,84.83333333333333,599.0,4.916799379726847,15.0156,238.0,209.0,183.0
511,2020-02-01 18:04:00+00:00,147,49.6888,163.63333333333335,9.65604,82.83333333333333,583.0,4.728264002571229,17.636400000000002,259.0,278.0,207.0
512,2020-02-02 17:42:34+00:00,157,92.33850000000001,167.16666666666666,19.31208,84.16666666666667,1151.0,4.453149369360954,17.568,413.0,447.0,183.0
513,2020-02-04 00:35:14+00:00,131,35.84085,174.6,6.43736,83.5,358.0,4.602586994441034,24.858,204.0,243.0,183.0
514,2020-02-05 12:47:55+00:00,139,70.93435,177.3777777777778,14.48406,84.55555555555556,699.0,4.8878802654880555,14.2092,249.0,285.0,196.0
515,2020-02-07 00:40:42+00:00,159,46.345166666666664,167.37142857142857,10.5238,83.28571428571429,643.0,4.500763634990171,18.241200000000003,253.0,271.0,175.0
516,2020-02-08 18:02:18+00:00,164,50.197199999999995,156.14999999999998,12.87472,83.875,741.0,3.941569711486227,17.4996,273.0,339.0,187.0
517,2020-02-09 16:55:48+00:00,142,117.10015,172.29999999999998,22.530759999999997,84.85714285714286,1371.0,4.755037187954303,20.4228,546.0,477.0,177.0
518,2020-02-11 01:15:29+00:00,138,37.75505,205.8,8.0467,83.0,433.0,4.691703414898701,17.568,166.0,159.0,175.0
519,2020-02-11 23:45:46+00:00,158,42.60005,172.72500000000002,9.767149999999999,83.75,561.0,4.357977679942495,17.9388,241.0,242.0,208.0
520,2020-02-13 00:03:10+00:00,134,48.89591666666667,161.46666666666667,9.65604,83.33333333333333,517.0,5.138245920692351,13.6728,285.0,307.0,178.0
521,2020-02-14 00:46:00+00:00,137,47.82971666666666,181.5333333333333,9.65604,83.0,564.0,4.989619615113588,16.1244,224.0,226.0,175.0
522,2020-02-15 23:05:56+00:00,141,66.12925,172.82500000000002,12.87472,83.0,769.0,5.156215648257507,13.7052,255.0,266.0,173.0
523,2020-02-16 16:20:08+00:00,155,120.1933,171.58750000000003,25.74944,84.3125,1458.0,4.50195073982294,15.8544,607.0,640.0,177.0
525,2020-02-20 01:14:45+00:00,134,66.06948333333334,186.2,12.87472,82.5,661.0,5.0710812526813855,16.6284,279.0,294.0,179.0
526,2020-02-21 00:45:50+00:00,160,33.58878333333333,191.6,6.43736,83.5,433.0,5.221750059804991,18.576,153.0,176.0,181.0
527,2020-02-22 01:18:55+00:00,164,31.991600000000002,184.2,6.43736,82.5,431.0,4.980351978380094,14.9796,264.0,92.0,174.0
528,2020-02-23 18:15:56+00:00,145,107.01986666666667,171.08333333333334,19.31208,82.83333333333333,1161.0,4.730998259608055,16.5924,452.0,493.0,175.0
529,2020-02-26 00:27:41+00:00,148,67.5845,123.8,12.87472,83.0,763.0,4.970532860754938,19.4472,1042.0,1091.0,181.0
530,2020-02-27 03:59:25+00:00,145,41.8682,212.28,8.0467,83.0,490.0,5.093528502253603,21.9348,150.0,141.0,175.0
531,2020-02-28 00:05:10+00:00,135,64.07198333333334,182.775,12.87472,82.875,714.0,4.999492166372241,20.826,311.0,321.0,210.0
532,2020-02-29 00:31:59+00:00,159,55.36593333333334,142.14285714285714,11.265379999999999,83.14285714285714,676.0,4.875586285955581,17.298,1038.0,1093.0,193.0
533,2020-02-29 16:35:44+00:00,159,53.68913333333333,167.08235294117645,12.495719999999999,83.58823529411765,718.0,4.338562355030986,20.8944,236.0,268.0,175.0
534,2020-03-01 17:59:32+00:00,157,129.81241666666668,160.0111111111111,28.96812,83.94444444444444,1555.0,4.312720188262099,20.7576,2063.0,2111.0,178.0
535,2020-03-03 00:39:14+00:00,117,46.44115,187.48,8.0467,83.2,419.0,5.47747765424158,15.5196,304.0,337.0,203.0
536,2020-03-05 00:27:23+00:00,142,64.67826666666666,169.95,12.87472,83.0,798.0,5.077391551470891,16.056,1127.0,1134.0,180.0
537,2020-03-06 00:15:30+00:00,136,48.70931666666667,177.79999999999998,9.65604,83.0,502.0,5.110878421800947,14.8464,694.0,712.0,190.0
538,2020-03-07 00:46:29+00:00,152,48.643699999999995,176.73333333333332,9.65604,83.0,557.0,5.005908690877539,16.3584,222.0,289.0,177.0
539,2020-03-07 16:33:50+00:00,159,63.914300000000004,173.6125,14.41868,84.125,838.0,4.492904845054351,19.0116,259.0,320.0,181.0
540,2020-03-08 12:53:05+00:00,139,115.37908333333333,182.88571428571427,22.530759999999997,85.28571428571429,1285.0,5.138422005970458,16.326,571.0,545.0,190.0
541,2020-03-10 22:43:50+00:00,153,70.33731666666667,179.71999999999997,16.0934,83.4,973.0,4.320175117766974,17.0964,270.0,276.0,171.0
542,2020-03-11 23:01:15+00:00,141,61.92328333333333,177.02499999999998,12.87472,83.5,765.0,4.836426602798588,15.620400000000002,272.0,289.0,171.0
543,2020-03-12 22:38:34+00:00,148,57.788000000000004,178.125,12.87472,82.5,764.0,4.536526717273109,17.802000000000003,370.0,361.0,175.0
544,2020-03-13 22:29:31+00:00,144,48.30985,172.23333333333335,9.65604,83.5,566.0,4.742119198226499,15.0156,203.0,207.0,174.0
545,2020-03-15 16:07:09+00:00,153,109.86828333333332,180.9333333333333,24.140099999999997,83.46666666666667,1436.0,4.559164303588796,16.693199999999997,583.0,639.0,179.0
546,2020-03-16 22:39:14+00:00,146,45.1833,181.7,9.65604,82.5,545.0,4.726792403025628,15.552,243.0,253.0,182.0
547,2020-03-17 22:47:22+00:00,149,16.153299999999998,190.9,3.21868,83.5,232.0,5.048988371212953,17.1648,117.0,108.0,181.0
548,2020-03-18 23:14:51+00:00,139,63.54298333333334,181.275,12.87472,81.75,688.0,4.976301668279034,17.6688,285.0,306.0,191.0
549,2020-03-20 00:30:35+00:00,130,48.863616666666665,167.68,8.0467,81.6,454.0,5.29941404002332,14.9472,186.0,230.0,176.0
550,2020-03-20 23:37:06+00:00,144,47.469849999999994,173.39999999999998,9.65604,82.33333333333333,560.0,4.936606655799728,20.7936,310.0,351.0,183.0
551,2020-03-21 16:29:18+00:00,133,50.68678333333333,175.6,9.65604,82.83333333333333,600.0,5.218587652448978,16.326,264.0,267.0,171.0
552,2020-03-22 21:04:27+00:00,153,42.026849999999996,166.96363636363637,9.994879999999998,82.63636363636364,564.0,4.399969498219414,21.6324,224.0,237.0,175.0
553,2020-03-23 23:17:58+00:00,146,42.53385,171.66666666666666,9.65604,81.83333333333333,511.0,4.471199692258117,18.4068,328.0,356.0,168.0
554,2020-03-26 00:16:34+00:00,131,57.678666666666665,174.0666666666667,9.65604,80.83333333333333,495.0,5.176520499744478,31.507200000000005,179.0,220.0,203.0
555,2020-03-26 13:06:43+00:00,139,30.598716666666668,193.35,6.43736,82.25,352.0,4.814294971480087,16.2252,257.0,294.0,189.0
556,2020-03-27 13:10:00+00:00,134,33.14541666666666,194.5,6.43736,83.0,358.0,5.003533168209252,17.298,279.0,283.0,188.0
557,2020-03-28 17:20:21+00:00,127,59.75105,175.54285714285717,11.265379999999999,82.42857142857143,556.0,5.095533710366603,17.1324,466.0,500.0,180.0
558,2020-04-10 22:25:37+00:00,140,34.11993333333333,172.3,6.43736,80.75,373.0,5.260105438010434,18.5076,395.0,276.0,192.0
559,2020-04-11 14:12:27+00:00,151,31.207733333333334,179.35,6.43736,81.75,396.0,4.838042621594837,23.6808,239.0,296.0,178.0
560,2020-04-12 16:16:58+00:00,150,70.98596666666666,166.55,12.87472,82.0,780.0,4.981800129026659,16.290000000000003,570.0,640.0,166.0
561,2020-04-13 23:11:12+00:00,149,38.00786666666667,180.96,8.0467,81.8,462.0,4.684239092810107,17.334000000000003,413.0,439.0,173.0
562,2020-04-14 23:20:55+00:00,147,61.2672,174.675,12.87472,82.625,703.0,4.62977017726462,21.6324,544.0,578.0,170.0
563,2020-04-16 22:49:42+00:00,152,42.99971666666667,167.03333333333333,9.65604,82.33333333333333,542.0,4.432688103244682,19.4148,422.0,438.0,185.0
564,2020-04-17 23:05:21+00:00,146,80.14173333333333,173.04000000000002,16.0934,81.8,843.0,4.787134217981204,17.3664,1106.0,1135.0,176.0
565,2020-04-18 16:50:27+00:00,144,108.91969999999999,166.21538461538464,20.921419999999998,82.53846153846153,1047.0,4.8712554642083346,22.4388,415.0,500.0,175.0
566,2020-04-20 23:22:29+00:00,146,37.51545,172.71999999999997,8.0467,81.6,440.0,4.663967004940251,29.4588,386.0,384.0,166.0
567,2020-04-21 23:56:07+00:00,143,58.594566666666665,188.62857142857143,11.265379999999999,82.14285714285714,625.0,4.949929089183101,23.6124,625.0,569.0,171.0
568,2020-04-22 23:44:01+00:00,140,52.397483333333334,178.13333333333335,9.65604,82.66666666666667,478.0,5.292255227828788,23.2128,558.0,626.0,192.0
569,2020-04-24 21:03:41+00:00,134,61.9893,187.0,11.265379999999999,83.0,538.0,5.330421873880799,15.4512,714.0,710.0,171.0
570,2020-04-26 16:53:09+00:00,136,120.27576666666667,181.2615384615385,20.921419999999998,83.6923076923077,1020.0,5.42512765814137,17.568,813.0,916.0,176.0
571,2020-04-28 13:13:10+00:00,146,65.91651666666667,186.4,12.87472,83.125,736.0,5.069233231716158,34.0596,491.0,512.0,180.0
572,2020-04-30 23:36:56+00:00,140,104.97563333333332,179.69999999999996,19.31208,82.58333333333333,918.0,5.149378797666864,17.0964,772.0,801.0,183.0
573,2020-05-02 16:30:48+00:00,158,65.45,167.175,12.87472,83.25,735.0,4.837883678389018,18.576,498.0,548.0,174.0
574,2020-05-03 13:17:07+00:00,135,68.76983333333334,194.875,12.87472,84.0,645.0,5.228480656817581,19.515600000000003,548.0,555.0,174.0
575,2020-05-05 22:40:41+00:00,148,25.726966666666666,169.33333333333334,4.82802,83.33333333333333,251.0,5.179970796938507,20.8944,299.0,322.0,174.0
576,2020-05-06 23:33:12+00:00,145,76.26393333333334,191.26666666666668,14.48406,82.77777777777777,801.0,5.1880083250464635,19.6848,804.0,822.0,189.0
577,2020-05-07 23:55:14+00:00,149,56.645583333333335,191.7428571428572,11.265379999999999,83.42857142857143,601.0,4.781500567034573,24.4872,520.0,575.0,184.0
578,2020-05-08 17:10:04+00:00,131,24.519133333333333,173.46666666666667,4.82802,83.66666666666667,275.0,5.097149372275276,21.4632,300.0,317.0,176.0
579,2020-05-09 16:57:15+00:00,156,78.2901,165.86,16.0934,83.7,846.0,4.418249724802988,22.5396,307.0,328.0,180.0
580,2020-05-12 00:01:16+00:00,136,50.586149999999996,185.0,9.65604,82.0,489.0,5.180493324640981,18.576,358.0,412.0,209.0
581,2020-05-12 23:23:49+00:00,141,71.63206666666666,185.2,12.87472,83.5,642.0,4.812403466985719,20.491200000000003,542.0,597.0,175.0
582,2020-05-13 23:06:24+00:00,145,32.31451666666667,180.55,6.43736,83.0,345.0,5.027603277265707,33.6924,194.0,280.0,184.0
583,2020-05-14 22:36:22+00:00,150,53.32935,195.9333333333333,9.65604,83.33333333333333,544.0,4.665020549236815,19.2456,500.0,456.0,175.0
584,2020-05-15 22:18:01+00:00,135,41.208933333333334,179.23999999999998,8.0467,81.8,403.0,5.012490584646065,17.334000000000003,669.0,659.0,153.0
585,2020-05-16 15:16:58+00:00,136,124.01415,176.41538461538462,20.921419999999998,83.84615384615384,1050.0,5.140617351413549,19.6488,640.0,717.0,181.0
586,2020-05-18 23:12:26+00:00,137,73.8716,177.75,12.87472,82.875,639.0,5.1473436165373085,18.8784,513.0,594.0,172.0
587,2020-05-20 16:29:59+00:00,150,39.096133333333334,168.20000000000002,8.0467,82.4,466.0,4.76418973118689,16.729200000000002,271.0,304.0,171.0
588,2020-05-21 23:11:43+00:00,138,48.824083333333334,185.43333333333337,9.65604,83.33333333333333,546.0,4.798922274464343,15.1812,374.0,401.0,171.0
589,2020-05-23 17:59:34+00:00,144,43.5533,181.44,8.0467,81.4,478.0,5.356758872845181,15.6528,216.0,225.0,168.0
590,2020-05-25 18:16:34+00:00,151,95.81608333333334,173.0909090909091,17.70274,82.45454545454545,1092.0,5.169835624162981,21.4992,1057.0,1051.0,174.0
591,2020-05-26 23:32:09+00:00,134,47.25403333333334,185.24,8.0467,82.6,420.0,5.55374515783452,20.120400000000004,297.0,339.0,179.0
592,2020-05-27 23:21:11+00:00,142,34.411883333333336,183.25,6.43736,83.0,353.0,5.359398175128405,15.4836,242.0,263.0,183.0
593,2020-05-29 23:06:51+00:00,136,50.06216666666667,185.1,9.65604,81.33333333333333,490.0,5.061553273654517,17.0964,352.0,364.0,165.0
594,2020-05-30 16:49:37+00:00,156,53.45425,172.9333333333333,9.65604,82.66666666666667,583.0,5.220438470357833,15.4188,315.0,346.0,170.0
595,2020-05-31 13:56:38+00:00,149,97.48358333333334,191.2,19.31208,84.08333333333333,1015.0,4.842759108329514,21.6,565.0,608.0,203.0
596,2020-06-02 22:41:51+00:00,153,24.556733333333334,178.6,4.82802,81.0,296.0,5.168922073911831,20.6568,185.0,189.0,167.0
597,2020-06-03 23:28:24+00:00,148,74.39668333333334,191.26666666666668,14.48406,81.88888888888889,791.0,4.881444994773057,32.684400000000004,729.0,745.0,167.0
598,2020-06-05 00:21:03+00:00,145,32.3117,195.45,6.43736,82.25,390.0,5.037587166774665,22.9752,371.0,409.0,182.0
599,2020-06-05 22:27:34+00:00,139,43.46135,177.95999999999998,8.0467,82.0,452.0,5.2913373493150715,15.8868,270.0,312.0,190.0
600,2020-06-07 00:35:07+00:00,155,24.881266666666665,185.53333333333333,4.82802,81.66666666666667,287.0,5.004603826265176,16.1244,214.0,236.0,172.0
601,2020-06-07 17:35:33+00:00,152,113.2131,173.2923076923077,20.921419999999998,83.0,1243.0,4.985408204895572,22.370400000000004,550.0,577.0,177.0
602,2020-06-10 12:22:46+00:00,149,75.75315,180.0,14.48406,82.0,878.0,4.915614955936467,14.544,394.0,419.0,167.0
603,2020-06-11 13:06:00+00:00,125,36.18918333333333,181.05,6.43736,82.25,332.0,5.40909148406245,14.7456,335.0,358.0,185.0
604,2020-06-12 13:06:53+00:00,135,52.786566666666666,190.3,9.65604,83.16666666666667,542.0,5.331286006861501,14.8788,334.0,344.0,178.0
605,2020-06-13 14:34:07+00:00,143,119.43461666666667,178.44285714285712,22.530759999999997,84.42857142857143,1090.0,4.917944914264048,16.491600000000002,722.0,761.0,174.0
606,2020-06-14 15:24:04+00:00,134,52.97646666666667,181.5,9.65604,83.83333333333333,510.0,5.367603971384556,16.8948,404.0,418.0,169.0
607,2020-06-16 12:37:52+00:00,137,88.05246666666667,187.16,16.0934,83.4,882.0,5.304249415634874,14.2416,513.0,502.0,169.0
608,2020-06-17 12:16:11+00:00,129,63.0644,183.4,11.265379999999999,83.71428571428571,521.0,5.459625289321059,19.7172,545.0,573.0,174.0
609,2020-06-18 13:13:53+00:00,142,52.81936666666666,187.26666666666665,9.65604,83.5,527.0,5.417873889222711,15.1488,367.0,355.0,179.0
610,2020-06-19 12:19:53+00:00,145,85.11153333333333,186.74,16.0934,83.2,904.0,5.221724641486835,18.342,530.0,541.0,167.0
611,2020-06-20 18:21:46+00:00,136,45.48558333333334,182.32,8.0467,83.2,461.0,5.421234270160593,18.6444,260.0,255.0,175.0
612,2020-06-21 16:00:49+00:00,155,148.87195000000003,185.28235294117647,27.35878,84.47058823529412,1557.0,5.074587292017893,15.318,745.0,815.0,171.0
613,2020-06-23 12:29:09+00:00,132,68.69216666666667,183.9,12.87472,83.25,745.0,5.268011000831738,21.8016,583.0,581.0,170.0
614,2020-06-24 12:55:19+00:00,136,58.10616666666667,180.9714285714286,11.265379999999999,83.42857142857143,554.0,5.144014719932063,16.0884,395.0,419.0,170.0
615,2020-06-25 11:56:50+00:00,142,111.2918,186.7846153846154,20.921419999999998,83.15384615384616,1102.0,5.202526905971061,16.3584,819.0,901.0,177.0
616,2020-06-26 12:37:15+00:00,132,25.236316666666667,172.86666666666667,4.82802,83.0,260.0,5.333711395973358,17.4348,238.0,257.0,171.0
617,2020-06-27 15:23:26+00:00,148,197.51195,177.86315789473684,29.335150000000002,84.89473684210526,1744.0,5.454403801800628,20.592,875.0,947.0,175.0
618,2020-06-30 13:12:04+00:00,136,35.460566666666665,179.25,6.43736,81.5,330.0,5.444088776762874,12.8988,240.0,259.0,169.0
619,2020-07-01 12:54:08+00:00,136,63.00758333333333,189.68571428571428,11.265379999999999,82.71428571428571,588.0,5.457937437632869,13.572,443.0,466.0,174.0
620,2020-07-03 19:04:08+00:00,169,39.46085,185.88,8.0467,81.8,445.0,4.370609054292035,18.4428,299.0,338.0,175.0
621,2020-07-04 14:09:22+00:00,165,39.80905,169.40000000000003,8.0467,82.4,520.0,4.8955067700812425,14.8464,417.0,471.0,184.0
622,2020-07-06 13:15:48+00:00,153,26.14851666666667,180.4,4.82802,82.0,302.0,5.405447192948253,16.6284,169.0,227.0,169.0
623,2020-07-07 13:27:35+00:00,133,25.76695,156.73333333333332,4.82802,82.0,292.0,5.243075018855844,17.3988,203.0,391.0,168.0
624,2020-07-08 13:29:31+00:00,137,24.82923333333333,184.73333333333332,4.82802,82.33333333333333,267.0,5.237666579758972,22.7736,235.0,262.0,151.0
625,2020-07-09 13:29:55+00:00,138,25.463833333333337,183.46666666666667,4.82802,82.33333333333333,256.0,5.322233468332942,14.4432,245.0,272.0,177.0
626,2020-07-10 17:38:30+00:00,142,25.673466666666666,173.06666666666663,4.82802,82.33333333333333,255.0,4.898829940403717,23.346,158.0,223.0,208.0
627,2020-07-11 12:53:57+00:00,154,237.72203333333334,196.42307692307693,41.842839999999995,82.1923076923077,2637.0,5.677429433815742,21.6324,615.0,629.0,173.0
628,2020-07-14 13:29:30+00:00,130,17.902266666666666,174.8,3.21868,81.0,177.0,5.455463927583349,13.6044,86.0,132.0,167.0
629,2020-07-15 13:14:37+00:00,148,26.354233333333333,174.20000000000002,4.82802,82.66666666666667,304.0,5.327976257901618,22.7736,138.0,155.0,168.0
630,2020-07-16 13:40:22+00:00,148,30.41125,179.95000000000002,6.43736,82.0,346.0,4.666907336775963,26.37,186.0,199.0,172.0
631,2020-07-17 12:56:32+00:00,148,39.74978333333333,175.8,8.0467,82.8,450.0,4.830303989608159,17.6688,221.0,233.0,169.0
632,2020-07-18 15:50:03+00:00,162,67.23253333333334,168.8,12.87472,81.625,784.0,4.782296463677391,18.072,242.0,251.0,176.0
633,2020-07-20 12:56:34+00:00,155,53.10893333333333,175.0,11.265379999999999,82.57142857142857,611.0,4.582568460861315,17.870400000000004,200.0,228.0,175.0
634,2020-07-21 12:48:20+00:00,143,68.86233333333332,173.3777777777778,14.48406,83.33333333333333,776.0,4.769185641073085,25.596,307.0,294.0,172.0
635,2020-07-22 12:30:36+00:00,146,80.58030000000001,174.86,16.0934,83.7,925.0,4.881999531553801,20.7576,456.0,446.0,185.0
636,2020-07-23 12:48:39+00:00,138,33.60926666666667,180.7,6.43736,82.25,337.0,5.14325825822119,18.7776,153.0,186.0,172.0
637,2020-07-26 18:26:28+00:00,130,28.472383333333333,173.73333333333335,4.82802,82.0,300.0,5.424092385597703,13.4028,130.0,174.0,167.0
638,2020-07-27 13:19:30+00:00,140,33.126999999999995,179.7,6.43736,82.75,378.0,4.973573355018726,21.564,154.0,140.0,191.0
639,2020-07-28 13:05:17+00:00,140,52.6299,176.73333333333335,9.65604,82.16666666666667,558.0,5.289252758648796,22.2048,323.0,361.0,168.0
640,2020-07-29 13:01:16+00:00,147,71.83381666666668,177.08888888888887,14.48406,83.55555555555556,822.0,4.949235815562575,22.842,296.0,308.0,172.0
641,2020-07-30 12:57:31+00:00,134,65.90758333333333,180.97142857142856,11.265379999999999,83.85714285714286,560.0,5.123449714143917,15.9228,254.0,244.0,169.0
642,2020-07-31 12:53:22+00:00,146,15.863016666666665,178.7,3.21868,82.0,210.0,5.0000704168707095,19.9512,105.0,103.0,177.0
643,2020-08-01 13:24:33+00:00,159,96.96865000000001,180.0153846153846,20.921419999999998,84.15384615384616,1226.0,4.535276346647928,22.104,558.0,573.0,182.0
644,2020-08-02 18:05:58+00:00,135,56.71563333333334,180.16,8.0467,83.2,412.0,5.23509970524541,15.217200000000002,418.0,472.0,161.0
645,2020-08-03 13:12:36+00:00,147,46.888533333333335,187.23333333333332,9.65604,82.83333333333333,531.0,4.8295906893015585,26.6724,304.0,268.0,199.0
646,2020-08-05 12:47:43+00:00,135,89.37633333333333,178.47272727272727,17.70274,83.36363636363636,840.0,5.045003183343228,21.8664,442.0,428.0,180.0
647,2020-08-06 12:53:03+00:00,139,67.8385,176.775,12.87472,83.625,769.0,5.125784975384269,17.0964,200.0,209.0,173.0
648,2020-08-07 13:08:18+00:00,122,29.817200000000003,190.4,4.82802,83.33333333333333,207.0,5.46063762232954,16.2252,148.0,155.0,170.0
649,2020-08-08 15:37:13+00:00,143,7.8430333333333335,183.79999999999995,1.60934,83.0,94.0,4.923827803093867,14.58,37.0,33.0,161.0
650,2020-08-08 16:02:24+00:00,168,2.6476166666666665,187.5,0.8426300000000001,85.5,23.0,3.1185027120220137,22.9752,11.0,10.0,171.0
651,2020-08-08 16:30:28+00:00,148,79.25725000000001,182.88888888888889,14.48406,84.55555555555556,909.0,5.385335557626542,13.7376,314.0,309.0,156.0
652,2020-08-10 13:04:33+00:00,153,66.84973333333333,183.075,12.87472,83.75,736.0,5.095662669318493,24.5556,384.0,413.0,193.0
653,2020-08-11 13:32:23+00:00,137,32.00685,157.14999999999998,6.43736,82.75,393.0,4.99078249188107,13.7736,1212.0,989.0,165.0
654,2020-08-12 12:29:58+00:00,145,111.26361666666666,178.09230769230768,20.921419999999998,84.23076923076923,1221.0,5.019380662629128,17.4996,519.0,529.0,182.0
655,2020-08-13 13:34:20+00:00,135,34.76818333333333,189.45,6.43736,83.75,372.0,5.325993828637631,16.326,331.0,333.0,162.0
656,2020-08-14 13:14:25+00:00,140,61.72991666666667,179.62857142857143,11.265379999999999,83.28571428571429,618.0,5.288313143064351,15.685200000000002,304.0,307.0,170.0
657,2020-08-15 14:31:55+00:00,148,138.95375,180.7866666666667,24.140099999999997,84.4,1434.0,5.097893878904666,22.068,511.0,512.0,173.0
658,2020-08-16 14:52:50+00:00,140,48.529199999999996,178.64,8.0467,83.6,459.0,5.179277556655892,23.547600000000003,187.0,173.0,170.0
659,2020-08-18 13:17:13+00:00,140,51.78255,176.5,9.65604,82.83333333333333,519.0,5.420953645314748,17.1324,171.0,223.0,169.0
660,2020-08-19 12:54:51+00:00,152,79.8218,180.2,17.70274,83.27272727272727,941.0,4.393706280554491,22.7736,435.0,439.0,187.0
661,2020-08-20 13:19:08+00:00,131,40.435950000000005,176.64999999999998,6.43736,83.25,384.0,5.587285847766683,15.282,163.0,174.0,172.0
662,2020-08-21 13:28:25+00:00,124,46.579550000000005,176.68,8.0467,82.8,384.0,5.531533556120615,13.4712,306.0,342.0,169.0
663,2020-08-22 15:39:26+00:00,161,148.6661,193.4,25.74944,83.875,1582.0,4.849099610096889,21.9672,801.0,854.0,177.0
664,2020-08-23 14:52:30+00:00,135,31.799833333333332,180.9333333333333,4.82802,83.33333333333333,284.0,5.339924699172907,13.9068,150.0,170.0,170.0
665,2020-08-25 13:14:24+00:00,139,51.054566666666666,180.6,9.65604,82.5,530.0,4.87146975969087,19.3464,259.0,290.0,171.0
666,2020-08-26 13:38:12+00:00,127,28.051933333333334,178.73333333333332,4.82802,82.33333333333333,247.0,5.5710800589078024,14.2092,79.0,99.0,169.0
667,2020-08-27 13:16:11+00:00,147,66.6262,173.95,12.87472,83.0,743.0,4.925584630219917,17.6004,347.0,366.0,177.0
668,2020-08-28 13:33:33+00:00,142,46.152166666666666,181.96,8.0467,83.0,469.0,5.568165155710957,13.7376,189.0,183.0,162.0
669,2020-08-29 16:31:24+00:00,157,51.642916666666665,176.42666666666668,10.945379999999998,85.33333333333333,571.0,4.247952593381716,22.809600000000003,154.0,184.0,176.0
670,2020-08-30 16:06:31+00:00,148,31.111616666666666,183.1,6.43736,82.5,341.0,4.5135702600530845,18.8784,223.0,205.0,174.0
671,2020-09-01 13:21:20+00:00,122,38.678999999999995,185.65,6.43736,83.0,333.0,5.3708777208228655,14.6808,186.0,247.0,173.0
672,2020-09-02 13:26:32+00:00,141,50.871900000000004,173.53333333333333,9.65604,82.66666666666667,551.0,5.177539321985032,16.056,379.0,401.0,169.0
673,2020-09-03 13:23:12+00:00,146,41.67358333333333,177.23999999999998,8.0467,83.6,488.0,5.256038473367995,17.9028,164.0,148.0,174.0
674,2020-09-04 15:28:17+00:00,144,99.02273333333332,177.29090909090908,17.70274,83.9090909090909,941.0,4.918616596444088,18.003600000000002,442.0,482.0,168.0
675,2020-09-05 17:16:23+00:00,144,29.66776666666667,176.79999999999998,4.82802,83.66666666666667,285.0,5.2686548526514505,19.9512,80.0,110.0,169.0
676,2020-09-07 15:47:55+00:00,141,59.04485,181.44,8.0467,83.4,420.0,5.252169080230924,16.9308,157.0,172.0,170.0
677,2020-09-08 22:38:38+00:00,157,45.96901666666667,166.8857142857143,9.92949,82.85714285714286,533.0,4.180119232638371,20.1528,258.0,285.0,190.0
678,2020-09-09 12:48:37+00:00,137,52.012299999999996,174.0333333333333,9.65604,83.66666666666667,493.0,5.093250573243723,16.9308,290.0,322.0,182.0
679,2020-09-10 13:32:55+00:00,131,35.01253333333333,182.7,6.43736,82.75,393.0,5.499399469771913,14.8464,176.0,159.0,170.0
680,2020-09-12 18:30:28+00:00,129,45.27271666666666,174.54999999999998,6.43736,83.25,357.0,4.866718364715393,18.846,107.0,159.0,164.0
681,2020-09-13 16:15:32+00:00,154,88.36436666666667,181.4,16.0934,83.8,916.0,4.678726906096412,18.4068,398.0,412.0,170.0
682,2020-09-14 13:28:26+00:00,137,24.64336666666667,178.79999999999998,4.82802,84.0,283.0,5.196836672032927,16.660800000000002,94.0,121.0,174.0
683,2020-09-16 12:28:03+00:00,135,49.497883333333334,172.5,9.65604,83.16666666666667,542.0,5.011095148211536,18.576,348.0,416.0,172.0
684,2020-09-17 12:14:21+00:00,138,55.40555,181.53333333333333,9.65604,83.0,477.0,4.913728408847271,16.4268,284.0,286.0,173.0
685,2020-09-18 13:14:34+00:00,140,54.40926666666667,176.9333333333333,9.65604,83.66666666666667,597.0,5.395769007128804,15.217200000000002,213.0,271.0,177.0
686,2020-09-19 14:15:53+00:00,141,66.57681666666666,179.95,12.87472,83.5,669.0,4.890664379659373,26.0316,345.0,407.0,174.0
687,2020-09-20 17:14:08+00:00,143,104.18756666666667,177.52727272727273,17.70274,83.9090909090909,1027.0,5.039747059433942,22.6404,448.0,492.0,170.0
688,2020-09-22 13:31:38+00:00,152,54.32645,177.86666666666667,9.65604,82.66666666666667,559.0,5.202634175830077,15.9228,354.0,400.0,173.0
689,2020-09-24 13:26:33+00:00,146,45.76031666666667,181.96,8.0467,83.4,494.0,5.207688960888527,16.3908,168.0,181.0,185.0
690,2020-09-25 13:22:41+00:00,139,50.089000000000006,185.9,9.65604,82.33333333333333,537.0,5.083632152544075,20.322,309.0,326.0,171.0
691,2020-09-26 14:54:01+00:00,154,134.84435,180.6625,25.74944,84.0,1622.0,4.594422179070997,18.846,308.0,340.0,171.0
692,2020-09-27 15:42:24+00:00,135,63.50663333333333,180.28,8.0467,83.6,412.0,5.285579414791231,30.4668,174.0,205.0,166.0
693,2020-09-29 17:04:38+00:00,150,28.865033333333333,170.1,6.43736,83.5,378.0,4.579831019108307,21.297600000000003,113.0,144.0,191.0
694,2020-09-30 13:10:16+00:00,141,47.34760000000001,180.6,8.0467,83.4,445.0,5.1581758311358605,14.8464,141.0,153.0,188.0
695,2020-10-01 13:25:42+00:00,148,43.84256666666667,191.2,8.0467,83.8,451.0,4.984127916108752,28.6524,302.0,329.0,206.0
696,2020-10-02 22:53:37+00:00,149,47.36161666666667,180.66666666666663,9.65604,83.66666666666667,560.0,4.866721238113412,23.6484,199.0,189.0,168.0
697,2020-10-03 17:19:35+00:00,147,56.726933333333335,176.5333333333334,9.65604,84.66666666666667,585.0,4.917056883243824,21.6,123.0,121.0,176.0
698,2020-10-04 13:57:33+00:00,148,48.640483333333336,179.53333333333333,9.65604,83.83333333333333,572.0,5.025412597795671,20.9952,153.0,182.0,174.0
699,2020-10-06 13:52:36+00:00,149,25.30465,177.53333333333333,4.82802,84.0,307.0,5.314642041932865,14.0076,91.0,103.0,174.0
700,2020-10-07 13:53:57+00:00,141,25.650333333333332,180.93333333333337,4.82802,83.66666666666667,280.0,5.28125380488224,14.076,84.0,108.0,185.0
701,2020-10-09 13:09:59+00:00,144,62.02803333333333,188.8,11.265379999999999,83.42857142857143,641.0,5.151056001711284,18.003600000000002,388.0,433.0,168.0
702,2020-10-10 15:28:57+00:00,141,108.16186666666667,180.24,16.0934,84.3,891.0,5.462230177898996,15.822,441.0,512.0,164.0
703,2020-10-12 13:32:44+00:00,139,36.97803333333333,185.0,6.43736,83.0,402.0,5.432186865605872,14.2092,116.0,117.0,172.0
704,2020-10-13 22:14:01+00:00,145,68.17928333333333,175.62857142857143,11.265379999999999,83.0,564.0,4.974272543070465,19.3824,107.0,144.0,179.0
705,2020-10-14 23:38:55+00:00,150,24.614683333333335,174.46666666666667,4.82802,82.0,267.0,4.778736164398918,25.9308,72.0,95.0,168.0
706,2020-10-15 15:58:23+00:00,134,73.5247,173.95000000000002,12.87472,83.25,735.0,5.274991019559148,16.2576,326.0,370.0,173.0
707,2020-10-17 15:11:47+00:00,130,43.803716666666666,178.04,8.0467,83.6,437.0,5.308224628991582,20.8584,172.0,177.0,181.0
708,2020-10-19 13:13:52+00:00,138,67.36373333333333,176.9,12.87472,84.625,647.0,5.125696793559152,18.2736,403.0,402.0,179.0
709,2020-10-20 22:43:36+00:00,133,43.992733333333334,182.88,8.0467,82.8,408.0,5.382214380872053,18.1728,144.0,152.0,178.0
710,2020-10-21 22:42:21+00:00,140,39.08838333333333,181.75,6.43736,82.75,343.0,5.034507127777531,18.5436,94.0,86.0,174.0
711,2020-10-22 23:03:30+00:00,150,38.69318333333333,173.87999999999997,8.0467,83.2,486.0,4.690051842767334,20.2896,117.0,151.0,176.0
712,2020-10-23 23:01:05+00:00,128,25.944416666666665,174.13333333333333,4.82802,82.66666666666667,281.0,5.248005994403094,14.8464,104.0,122.0,173.0
713,2020-10-24 16:47:53+00:00,139,50.30381666666667,170.24,8.0467,83.6,439.0,5.301937562474151,24.2856,197.0,248.0,190.0
714,2020-10-26 23:15:01+00:00,150,33.531983333333336,169.65,6.43736,82.0,368.0,4.632087745638166,19.818,226.0,218.0,180.0
715,2020-10-27 22:52:07+00:00,140,25.761783333333334,173.4,4.82802,83.33333333333333,267.0,4.857943489358378,15.8868,85.0,113.0,176.0
716,2020-10-29 13:49:03+00:00,152,23.718866666666667,175.46666666666667,4.82802,83.0,304.0,4.957155124404474,14.544,152.0,155.0,170.0
717,2020-10-30 22:31:13+00:00,142,75.9645,172.7111111111111,14.48406,82.66666666666667,876.0,5.122662037399614,19.1124,262.0,273.0,171.0
718,2020-11-01 18:54:44+00:00,162,33.329033333333335,33.75,6.43736,83.25,393.0,4.701884241799153,17.636400000000002,217.0,245.0,184.0
719,2020-11-05 13:14:55+00:00,153,53.820299999999996,91.10000000000002,9.65604,83.83333333333333,556.0,4.642291860387934,17.7696,344.0,388.0,188.0
720,2020-11-06 13:38:41+00:00,161,47.34535,86.16666666666667,9.65604,83.83333333333333,615.0,4.8283360055675715,15.7212,367.0,447.0,201.0
721,2020-11-07 15:22:35+00:00,166,45.106649999999995,115.66666666666669,9.65604,82.5,599.0,4.660499690246129,17.6688,349.0,347.0,235.0
722,2020-11-09 14:25:46+00:00,148,23.2244,174.20000000000002,4.82802,82.0,272.0,4.755247150015671,21.6,103.0,104.0,153.0
723,2020-11-10 23:18:00+00:00,140,16.785700000000002,166.0,3.21868,81.0,191.0,5.151225133735005,16.4268,54.0,58.0,172.0
724,2020-11-11 23:46:31+00:00,143,40.26061666666667,172.71999999999997,8.0467,82.8,496.0,5.078926440247321,15.786,106.0,147.0,171.0
725,2020-11-13 00:16:16+00:00,142,48.205933333333334,172.50000000000003,9.65604,83.0,567.0,5.04656670405323,22.9428,196.0,244.0,201.0
726,2020-11-14 16:48:50+00:00,154,46.31101666666667,177.6,9.65604,84.16666666666667,596.0,4.959661160971924,18.8784,250.0,250.0,177.0
727,2020-11-16 23:53:43+00:00,134,35.44303333333333,174.64999999999998,6.43736,82.25,375.0,5.423981381614162,13.6368,130.0,147.0,169.0
728,2020-11-18 14:23:25+00:00,146,33.37611666666667,182.35,6.43736,83.75,393.0,5.229668561886467,18.306,109.0,105.0,180.0
730,2020-11-20 23:14:30+00:00,139,38.36516666666667,170.95,6.43736,82.75,343.0,5.068992610132916,18.9468,127.0,164.0,176.0
731,2020-11-21 18:44:19+00:00,144,39.22248333333334,176.28,8.0467,83.0,483.0,4.985638614463988,18.1404,182.0,181.0,174.0
732,2020-11-25 23:30:43+00:00,135,27.168483333333334,173.79999999999998,4.82802,82.0,263.0,5.514775138228839,14.644799999999998,100.0,166.0,171.0
733,2020-11-26 15:47:43+00:00,151,23.350183333333334,170.6,4.82802,82.66666666666667,290.0,4.837208721340553,17.1324,112.0,117.0,177.0
734,2020-11-27 16:49:04+00:00,141,30.817183333333332,167.29999999999998,6.43736,84.0,376.0,4.7887094797710255,16.761599999999998,90.0,140.0,177.0
735,2020-11-29 18:12:24+00:00,147,42.6309,171.24,8.0467,82.8,493.0,5.083227653287707,16.4268,115.0,134.0,172.0
736,2020-11-30 23:43:19+00:00,157,22.600450000000002,167.13333333333333,4.82802,83.0,313.0,4.67849970745008,16.4268,96.0,110.0,182.0
737,2020-12-01 14:04:34+00:00,146,15.914833333333332,179.10000000000002,3.21868,84.5,185.0,5.019617206705123,13.9752,59.0,81.0,183.0
738,2020-12-02 23:46:20+00:00,152,38.56293333333333,179.88,8.0467,83.0,496.0,4.846573907351394,16.3908,109.0,134.0,173.0
739,2020-12-03 23:31:02+00:00,140,32.32065,176.55,6.43736,83.75,364.0,5.129539689363489,16.9632,89.0,118.0,185.0
740,2020-12-04 23:58:39+00:00,138,33.816116666666666,175.8,6.43736,83.5,375.0,5.284076600981245,13.3704,97.0,105.0,170.0
741,2020-12-05 18:16:44+00:00,144,23.090083333333332,165.20000000000002,4.82802,83.33333333333333,278.0,4.834357608577997,17.0316,133.0,146.0,187.0
742,2020-12-07 14:09:54+00:00,137,26.420983333333332,175.33333333333334,4.82802,83.33333333333333,311.0,5.517013514217405,17.1324,110.0,116.0,174.0
743,2020-12-09 00:16:16+00:00,153,22.64405,176.73333333333335,4.82802,81.33333333333333,296.0,4.807819321829008,16.8948,145.0,136.0,169.0
744,2020-12-10 23:46:26+00:00,132,44.451350000000005,175.12,8.0467,82.2,486.0,5.634312519716804,15.048,180.0,193.0,174.0
745,2020-12-13 18:03:18+00:00,142,36.705133333333336,180.85,6.43736,82.25,352.0,5.309636719248539,15.5844,120.0,113.0,185.0
746,2020-12-14 23:48:11+00:00,153,24.565983333333335,172.6,4.82802,82.33333333333333,301.0,5.1744661941066985,14.7816,96.0,123.0,186.0
747,2020-12-15 23:52:01+00:00,144,42.896766666666664,175.12,7.852849999999999,82.6,435.0,5.012350057722803,14.6124,210.0,206.0,172.0
748,2020-12-19 16:12:52+00:00,153,74.10243333333332,206.175,12.87472,83.5,769.0,4.79061898950913,22.4712,208.0,201.0,178.0
749,2020-12-22 14:37:13+00:00,141,26.240433333333332,182.2,4.82802,83.33333333333333,291.0,5.449809418947539,18.2052,90.0,89.0,184.0
750,2020-12-23 17:10:19+00:00,145,35.7263,175.54999999999998,6.43736,83.0,381.0,5.272308596246921,22.338,122.0,129.0,194.0
751,2020-12-25 19:32:29+00:00,157,21.3791,166.0,4.82802,82.66666666666667,281.0,4.508104374824065,19.9512,101.0,97.0,169.0
752,2020-12-27 17:32:41+00:00,144,60.899750000000004,180.45714285714283,11.265379999999999,83.85714285714286,689.0,5.437695546635284,13.7376,159.0,165.0,175.0
753,2020-12-29 23:47:08+00:00,142,28.377166666666668,178.73333333333335,4.82802,82.33333333333333,264.0,5.408732203515322,19.818,111.0,206.0,176.0
754,2020-12-31 19:15:14+00:00,148,25.6012,170.6,4.82802,83.66666666666667,293.0,4.745121276074945,17.3664,84.0,123.0,172.0
755,2021-01-02 17:31:51+00:00,152,36.822300000000006,184.75,6.43736,83.75,366.0,4.86863825987316,15.0804,157.0,138.0,160.0
756,2021-01-03 17:57:02+00:00,151,61.476283333333335,186.45714285714288,11.265379999999999,84.42857142857143,689.0,5.221829090175601,15.4836,153.0,175.0,176.0
757,2021-01-06 23:42:00+00:00,147,26.16025,167.73333333333335,4.82802,82.33333333333333,285.0,5.228683515890277,17.737199999999998,103.0,153.0,174.0
758,2021-01-07 23:54:04+00:00,134,28.969683333333332,181.35,5.49159,82.5,282.0,5.32750802002629,14.04,157.0,145.0,145.0
759,2021-01-09 18:15:54+00:00,159,74.47351666666667,186.48,16.0934,84.0,965.0,4.6770221725660495,18.072,441.0,455.0,176.0
760,2021-01-11 23:31:43+00:00,145,46.51388333333333,174.03333333333333,9.65604,82.83333333333333,526.0,4.8850193381375755,15.753600000000002,239.0,240.0,171.0
761,2021-01-13 23:40:26+00:00,141,33.971333333333334,174.24999999999997,6.43736,83.0,351.0,5.3206843124914736,18.5436,117.0,153.0,175.0
762,2021-01-15 21:01:58+00:00,149,25.203166666666668,179.6,4.82802,82.66666666666667,298.0,5.286634940386235,13.9752,93.0,107.0,167.0
763,2021-01-17 17:47:34+00:00,145,72.61580000000001,169.7,12.87472,83.375,672.0,5.0542175003293375,29.6928,460.0,521.0,157.0
764,2021-01-18 17:41:21+00:00,143,64.95068333333333,171.89999999999998,12.87472,83.0,758.0,5.075996291079471,14.2092,242.0,264.0,173.0
765,2021-01-20 00:18:45+00:00,150,47.041183333333336,173.5666666666667,9.65604,82.66666666666667,572.0,4.910638524709908,15.4512,213.0,238.0,181.0
766,2021-01-20 23:51:29+00:00,141,42.442883333333334,176.12,8.0467,82.4,483.0,5.322421608118627,14.6808,211.0,200.0,172.0
767,2021-01-21 23:10:56+00:00,141,35.86038333333333,166.25000000000003,6.43736,82.25,339.0,5.070047725631232,21.8016,220.0,226.0,174.0
768,2021-01-23 18:24:13+00:00,144,94.68436666666666,197.89090909090908,17.70274,85.18181818181819,1065.0,5.275042806706145,17.298,403.0,402.0,179.0
769,2021-01-26 00:09:00+00:00,131,27.934666666666665,172.79999999999998,4.82802,83.33333333333333,244.0,5.306589354926317,16.1892,117.0,141.0,155.0
770,2021-01-27 19:31:45+00:00,147,33.59166666666667,176.29999999999998,6.43736,83.0,397.0,5.212393465754438,14.3424,140.0,143.0,175.0
771,2021-01-28 18:14:46+00:00,151,40.446299999999994,174.52,8.0467,83.0,462.0,4.750681924089311,15.2496,146.0,154.0,181.0
772,2021-01-29 20:40:35+00:00,160,101.28065,178.8,6.43736,84.75,324.0,4.654600020559743,22.0356,227.0,235.0,178.0
773,2021-01-30 18:47:33+00:00,149,50.185399999999994,178.36666666666667,9.65604,83.0,576.0,5.115440137584878,15.4836,224.0,221.0,181.0
774,2021-02-02 00:05:57+00:00,143,31.343216666666667,174.4,4.82802,82.66666666666667,293.0,5.2834594767099174,17.0316,74.0,104.0,168.0
775,2021-02-03 23:37:51+00:00,137,44.369816666666665,175.92000000000002,8.0467,82.6,469.0,5.54777746320673,16.8624,105.0,113.0,180.0
776,2021-02-04 23:13:29+00:00,140,46.61926666666667,172.65,6.43736,81.75,384.0,6.193721161780514,16.056,158.0,151.0,185.0
777,2021-02-07 22:41:14+00:00,147,23.551233333333336,173.13333333333333,4.82802,82.33333333333333,298.0,4.949961470817461,15.7212,134.0,148.0,179.0
778,2021-02-09 23:31:20+00:00,158,21.77815,174.66666666666663,4.82802,82.66666666666667,309.0,4.545725121013455,19.8864,78.0,104.0,181.0
779,2021-02-11 23:12:24+00:00,131,55.35245,174.9,6.43736,82.25,332.0,5.571348644676426,20.120400000000004,144.0,136.0,186.0
780,2021-02-15 18:23:44+00:00,146,32.38766666666667,190.4,4.82802,81.66666666666667,336.0,6.049838795548352,18.846,267.0,286.0,167.0
781,2021-02-17 14:57:15+00:00,136,27.1983,179.53333333333333,4.59479,83.33333333333333,299.0,5.946954374483037,12.8304,117.0,129.0,155.0
782,2021-02-18 23:17:06+00:00,155,37.65286666666667,177.24,8.0467,83.4,489.0,4.677726727941204,19.6164,159.0,223.0,183.0
783,2021-02-21 18:00:33+00:00,157,80.86421666666666,190.6909090909091,17.70274,83.63636363636364,1007.0,4.5475190523676385,17.1648,310.0,320.0,168.0
784,2021-02-24 19:07:35+00:00,146,23.54553333333333,169.66666666666666,4.82802,83.33333333333333,286.0,4.761287265804369,20.9952,76.0,86.0,179.0
785,2021-02-25 23:17:30+00:00,141,33.38896666666667,172.0,6.43736,82.25,368.0,5.093622759638478,24.822,176.0,200.0,183.0
786,2021-02-27 00:22:07+00:00,161,45.67726666666667,176.13333333333335,9.65604,83.33333333333333,590.0,4.6406666454895396,21.6648,226.0,281.0,177.0
787,2021-02-28 19:03:56+00:00,160,84.77050000000001,174.06,16.0934,83.3,907.0,4.497406433418604,22.4712,277.0,274.0,177.0
788,2021-03-02 23:38:29+00:00,156,44.1287,175.83333333333334,9.65604,82.83333333333333,536.0,4.380379234680777,20.0196,250.0,264.0,176.0
789,2021-03-03 18:56:55+00:00,155,23.22765,170.86666666666667,4.82802,83.66666666666667,289.0,4.897683831240832,16.9956,96.0,139.0,172.0
790,2021-03-04 23:15:55+00:00,146,47.04443333333334,176.8,6.43736,82.75,369.0,4.892417657642771,31.9428,141.0,207.0,189.0
791,2021-03-06 17:25:19+00:00,141,71.52018333333334,204.57142857142856,11.265379999999999,84.14285714285714,696.0,5.2346753484747355,17.0964,200.0,215.0,172.0
792,2021-03-08 18:38:58+00:00,143,39.09998333333333,173.7,6.43736,82.5,370.0,5.089438490402675,23.547600000000003,106.0,140.0,171.0
793,2021-03-11 23:13:37+00:00,141,43.28491666666667,174.04000000000002,8.0467,82.2,472.0,5.081944258604718,20.322,219.0,257.0,173.0
794,2021-03-13 00:11:04+00:00,138,34.97456666666667,171.4,6.43736,82.5,364.0,5.4380853742773,15.6528,163.0,176.0,169.0
795,2021-03-13 17:39:34+00:00,146,100.11938333333335,208.3,16.0934,84.7,944.0,5.248964348539843,20.2896,497.0,482.0,177.0
796,2021-03-16 22:42:54+00:00,154,46.68626666666667,176.23333333333335,9.65604,82.33333333333333,572.0,4.8828335346445915,19.4148,266.0,278.0,179.0
797,2021-03-18 22:15:36+00:00,145,48.78955,174.36,8.0467,81.8,468.0,4.991395353532107,25.9668,283.0,324.0,174.0
798,2021-03-19 22:41:44+00:00,136,32.62806666666667,171.4,6.43736,82.25,343.0,5.084492055176094,17.334000000000003,134.0,153.0,172.0
799,2021-03-20 16:43:23+00:00,152,26.4466,171.73333333333332,4.82802,83.0,297.0,5.551284384976071,15.6528,172.0,193.0,177.0
800,2021-03-21 14:42:34+00:00,154,110.57875,170.07692307692307,20.921419999999998,83.38461538461539,1324.0,4.670587723130317,15.552,241.0,245.0,174.0
801,2021-03-24 12:56:58+00:00,153,62.94501666666667,172.99999999999997,12.87472,83.0,740.0,4.824852300809251,17.334000000000003,275.0,299.0,170.0
802,2021-03-25 22:22:51+00:00,142,25.18205,166.20000000000002,4.82802,83.0,272.0,5.291553425008515,13.2012,121.0,148.0,174.0
803,2021-03-27 18:16:38+00:00,136,45.15743333333333,176.95,6.43736,84.0,350.0,5.513307766217774,16.2576,103.0,111.0,175.0
804,2021-03-28 18:10:12+00:00,148,60.17181666666667,172.89999999999998,12.87472,82.875,717.0,4.662755505696083,19.7172,367.0,381.0,187.0
805,2021-03-29 23:09:37+00:00,142,63.52961666666667,174.9666666666667,9.65604,82.83333333333333,496.0,5.0539675623726925,18.9792,221.0,235.0,183.0
806,2021-03-31 22:37:12+00:00,148,61.72945,172.5,12.87472,82.75,793.0,4.808859724047548,16.56,267.0,272.0,176.0
807,2021-04-01 22:19:00+00:00,143,58.569383333333334,172.74285714285716,11.265379999999999,83.28571428571429,580.0,4.728428595507546,19.9872,240.0,318.0,179.0
808,2021-04-03 15:57:49+00:00,147,109.6821,181.2,20.921419999999998,84.23076923076923,1170.0,4.964941430729242,17.7012,398.0,458.0,174.0
809,2021-04-05 23:23:40+00:00,150,46.005750000000006,175.76666666666668,9.65604,82.66666666666667,526.0,4.494685296149285,20.4228,179.0,189.0,166.0
810,2021-04-06 22:46:05+00:00,161,37.81255,175.89,5.40592,83.75,284.0,4.394349949888456,22.370400000000004,160.0,150.0,178.0
811,2021-04-07 22:59:25+00:00,148,67.45123333333333,169.675,12.87472,83.25,692.0,4.732533273651618,21.1608,258.0,321.0,168.0
812,2021-04-09 23:27:45+00:00,146,43.20303333333333,173.52,8.0467,82.0,467.0,4.992888827617256,15.0804,227.0,238.0,166.0
813,2021-04-10 17:08:27+00:00,151,80.82506666666667,168.3272727272727,17.70274,82.27272727272727,944.0,4.489591348359817,18.8784,431.0,437.0,183.0
814,2021-04-13 17:25:34+00:00,145,32.833,168.59999999999997,6.43736,82.5,378.0,4.9143890154818255,15.3504,187.0,162.0,174.0
815,2021-04-14 23:01:31+00:00,147,70.57791666666667,177.33333333333334,14.48406,83.44444444444444,887.0,4.896035617592758,15.1812,277.0,277.0,176.0
816,2021-04-15 22:38:20+00:00,111,42.53255,177.26666666666665,4.82802,82.66666666666667,251.0,5.614848632350858,21.3984,209.0,157.0,168.0
817,2021-04-17 13:23:35+00:00,140,64.26971666666667,214.76666666666668,9.65604,83.5,550.0,5.346817473283756,18.6444,230.0,281.0,174.0
818,2021-04-19 22:37:03+00:00,155,43.314166666666665,174.70000000000002,9.65604,82.33333333333333,556.0,4.488514717449089,16.4268,256.0,259.0,177.0
819,2021-04-21 22:47:21+00:00,157,24.394650000000002,177.26666666666665,4.82802,82.33333333333333,320.0,5.071226745743151,14.1084,123.0,121.0,174.0
820,2021-04-22 22:34:04+00:00,143,52.5095,176.0,9.65604,83.16666666666667,531.0,5.027632448820555,16.660800000000002,184.0,195.0,171.0
821,2021-04-24 16:13:18+00:00,141,83.32715,166.77500000000003,12.87472,83.75,702.0,5.082876444605782,19.9512,235.0,320.0,172.0
822,2021-04-26 23:31:09+00:00,139,49.00421666666667,182.5,9.65604,82.5,540.0,5.029569215953814,15.318,246.0,244.0,169.0
823,2021-04-27 22:30:26+00:00,147,33.825583333333334,168.7,6.43736,82.75,387.0,4.964705184302571,15.0804,122.0,140.0,166.0
824,2021-04-28 22:22:54+00:00,138,40.40043333333333,176.84,8.0467,82.6,415.0,5.0537713861642315,13.2012,192.0,207.0,165.0
825,2021-04-29 22:27:01+00:00,146,36.1202,183.33333333333331,4.82802,81.33333333333333,322.0,5.362803859403368,13.1688,212.0,235.0,176.0
826,2021-05-01 18:08:30+00:00,130,16.766333333333332,167.8,3.21868,82.0,182.0,4.96532699158495,14.4792,76.0,85.0,172.0
827,2021-05-02 12:13:24+00:00,162,87.79266666666668,245.84615384615384,20.921419999999998,81.92307692307692,1217.0,4.211454012449163,23.3784,406.0,410.0,180.0
828,2021-05-05 17:50:16+00:00,143,22.9545,165.33333333333334,4.82802,81.33333333333333,264.0,4.771865484642966,15.4512,132.0,139.0,175.0
829,2021-05-11 22:49:14+00:00,138,25.298133333333332,175.46666666666667,4.82802,82.33333333333333,289.0,5.133563159980945,15.822,91.0,121.0,171.0
830,2021-05-12 22:55:27+00:00,142,41.718666666666664,178.88,8.0467,81.2,452.0,5.083237399486029,18.306,206.0,236.0,175.0
831,2021-05-13 22:28:44+00:00,134,40.19926666666667,176.46666666666667,4.82802,82.0,302.0,5.255924028838195,13.9068,154.0,204.0,173.0
832,2021-05-15 15:52:23+00:00,138,73.46215000000001,168.52500000000003,12.87472,81.75,678.0,5.287644312393555,24.4872,417.0,489.0,174.0
833,2021-05-16 16:57:14+00:00,152,30.647716666666668,177.05,6.43736,82.0,379.0,4.760182121942349,15.5844,154.0,152.0,170.0
834,2021-05-17 23:07:15+00:00,153,36.62688333333333,180.11999999999998,8.0467,82.2,470.0,4.460061566955421,17.334000000000003,146.0,170.0,170.0
835,2021-06-21 22:52:16+00:00,150,104.40344999999999,181.5111111111111,14.48406,83.44444444444444,837.0,4.682451951529792,20.1528,488.0,549.0,187.0
